"TITLE","F_NAME","L_NAME","GENDER","MONTH_AND_DATE","DOB","YOB","EMAIL","ID1","ID2","ID3","ID4","PHONE","EMAIL2","STREET","CITY","STATE","COUNTRY","ZIP","LAT","LONG"
"Mr","Ewart","Bennedsen","male","09-25","2004-09-25","2004","ebennedsenex@jiathis.com","71a16013-d805-7ece-9ac4-8f2cd66e8eaa","87098882279810196101440938110216748923","2e33192000007456-0365c00000000000","55019962992006103186215643814973128178","256-284-7231","ebennedsenex@jiathis.com","72 Buhler Crossing","Anniston","Alabama","US","36205","33.708276","-85.7922905"
"Dr","Novelia","Ansteys","female","10-31","1987-10-31","1987","nansteysdk@spotify.com","2eeb6532-82e1-0d58-8955-bf97de66a6f5","50829196174854544323574004005273946998","2e3319208000765b-3811c00000000001","65233136134594262632703695260919939885","704-181-6371","nansteysdk@spotify.com","79 Northfield Hill","Charlotte","North Carolina","US","28299","35.2188655","-80.8108885"
"Mr","Ulises","Mochan","male","03-20","1996-03-20","1996","umochanco@gnu.org","6f393075-addb-bdd6-73f8-31c393b700f5","70086119428645095847094710218289660855","2e33192080003023-26b2000000000002","82011353387947708954389153068944017636","720-837-4159","umochanco@gnu.org","00671 Mifflin Trail","Lacolle","Québec","CA","E5A","45.08338","-73.36585"
"Mrs","Friederike","Durrell","female","01-3","1979-01-3","1979","fdurrellbj@utexas.edu","33d018ec-5fed-f1a3-56aa-079370a9511b","50164729868919217963697788808932473456","2e33192080006dfc-0cdf400000000003","64452712468609735658703639722261004071","798-528-3458","fdurrellbj@utexas.edu","47 Fremont Hill","Independencia","Veracruz Llave","MX","91891","19.3803931","-99.1476905"
"Rev","Evita","Bingall","female","02-28","1974-02-28","1974","ebingallod@mac.com","8c93db88-f328-8efb-dc73-d5654d371cbe","74973364195185450328832136951985519627","2e331920800038db-0559e00000000004","58945501950285346322834356669253860483","397-178-5897","ebingallod@mac.com","56 Crescent Oaks Court","Buenavista","Oaxaca","MX","71730","19.4458447","-99.1497665"
"Mr","Eugenie","Bechley","female","05-19","1969-05-19","1969","ebechley9r@telegraph.co.uk","b0c76a3f-6526-0ad0-e050-48143b687d18","67119779213799783658184754966135750376","2e331920800001a4-24b2800000000005","59715249079109455676103900762283358508","718-374-7456","ebechley9r@telegraph.co.uk","5760 Southridge Junction","Staten Island","New York","US","10310","40.6307451","-74.1181235"
"Dr","Cammi","Haslen","female","12-17","1973-12-17","1973","chaslenqv@ehow.com","56059cd5-5006-ce5f-2f5f-15b4d856a204","61747117963243728095047674165570746095","2e33192080007c25-2ec0600000000006","86268258269066295956223980330791223320","865-538-8291","chaslenqv@ehow.com","83 Veith Street","Knoxville","Tennessee","US","37995","35.95","-84.05"
"Mr","Nico","Hobben","male","04-11","1963-04-11","1963","nhobbenln@technorati.com","71a04f01-a644-7196-f54b-b988212d6b05","82589207129134213702470585413262524989","2e331920800001c6-2363a00000000007","88553460629378123454455187179624939931","574-884-1085","nhobbenln@technorati.com","339 Merrick Plaza","South Bend","Indiana","US","46620","41.6919638","-86.3754395"
"Honorable","Pepi","Veschambes","female","01-21","2000-01-21","2000","pveschambeslw@ed.gov","9eeb7e84-6956-8984-1fbc-fb809de9c0bc","60384230965190700481584811435192467367","2e3319208000626d-197c600000000008","754871247577843300422677207688068742","409-720-7952","pveschambeslw@ed.gov","6 Clemons Point","Beaumont","Texas","US","77713","30.0435239","-94.2743625"
"Mr","Brant","Chastang","male","10-5","1997-10-5","1997","bchastangm3@ted.com","001bc058-f1a4-5e84-ae8d-eaf26fef0b3f","67022599814686692574016986791045844274","2e33192080000af1-29a0c00000000009","83649455349674933722193870010147622469","853-242-5855","bchastangm3@ted.com","4295 Buell Park","Lazaro Cardenas","Oaxaca","MX","69800","17.9567646","-102.1943485"
"Mrs","Val","Mountney","female","07-12","1982-07-12","1982","vmountneyji@pcworld.com","90fdcd50-298d-a05f-eb7b-d0e18d33e156","52323097005084542388662321941551006860","2e3319208000331c-3b4c60000000000a","8752060316594230629470418172189847854","878-183-0090","vmountneyji@pcworld.com","9 Forster Hill","Arroyo Seco","Guerrero","MX","41821","21.5471976","-99.6878435"
"Honorable","Marie","Curtois","female","06-16","1978-06-16","1978","mcurtoisks@theglobeandmail.com","313827d6-950b-d1c5-7542-79800d50de64","89910177355693084057260934463022646114","2e3319208000477f-126ee0000000000b","74185396827023864318346889716961725486","493-112-4868","mcurtoisks@theglobeandmail.com","563 Hovde Alley","Chester","Nova Scotia","CA","N9A","44.55015","-64.24875"
"Mrs","Antonella","Wrankling","female","10-7","1963-10-7","1963","awranklingdl@com.com","ed9a4054-f66c-2c8b-eac4-494636ecd2fa","48984217971172079353842754822211549626","2e33192080000b3f-3de7e0000000000c","60136104343712192575206118416078910563","242-211-8508","awranklingdl@com.com","1421 Schiller Terrace","La Escondida","Nuevo Leon","MX","64650","25.6798529","-100.3622465"
"Mrs","Eddy","Bayston","female","11-30","1964-11-30","1964","ebaystongy@house.gov","d435c3e8-0cdb-fc4b-b638-d8f86d67ab77","51893130791045454050252253894193889159","2e33192080006bb4-3a2620000000000d","67897759900040899937711018872434113590","152-334-6418","ebaystongy@house.gov","7046 Knutson Trail","Minnedosa","Manitoba","CA","N3E","50.2477455","-99.8375155"
"Rev","Gisella","O'Kynsillaghe","female","08-28","1980-08-28","1980","gokynsillaghe39@indiegogo.com","5618d36a-bd97-d21e-6a02-da24d7499c8d","56144269302128080097080051484690042261","2e33192080007ca2-2e3340000000000e","67771773266561981207024680020653749859","432-227-5844","gokynsillaghe39@indiegogo.com","0 Manufacturers Court","San Francisco","Veracruz Llave","MX","95710","20.8965838","-105.4093555"
"Mrs","Marsh","Ambrogini","male","11-6","2003-11-6","2003","mambroginifv@ifeng.com","4671c77b-7d2e-baba-b535-68a990bc1381","76188441449670019395186277370851510828","2e33192080004ef1-3209e0000000000f","57862802338713698868336603110870107058","217-471-8574","mambroginifv@ifeng.com","3 Shasta Point","Kensington","Prince Edward Island","CA","S7K","52.125546","-106.6611685"
"Mr","Rozina","Josephs","female","01-17","1981-01-17","1981","rjosephs7t@phoca.cz","96835216-0ce9-694c-58d2-a63015a2fb5d","65576064620702569297069552781495222111","2e33192080000274-29daa00000000010","76379661828035634506971869465203357394","583-597-5275","rjosephs7t@phoca.cz","0 Sage Place","Devon","Alberta","CA","T9G","53.3547991","-113.7233905"
"Mr","Querida","Bisley","female","11-26","1992-11-26","1992","qbisleyq0@github.com","1b881043-03f6-3c96-804b-170f961d1704","51322994821170328053938346818229221547","2e3319210000316b-1bb4e00000000011","47718795832414261186583467964888562915","470-431-2329","qbisleyq0@github.com","9 Crest Line Circle","Rancho Viejo","Guerrero","MX","39965","19.5615596","-99.3090985"
"Mrs","Bobbie","Cullum","female","11-11","2004-11-11","2004","bcullum1r@desdev.cn","5cbeb5c7-9321-d525-cc49-7195f18675ca","57171285951720927135282119624896917978","2e331921000012f3-226e000000000012","71649606655759477082029588629519681323","520-484-7638","bcullum1r@desdev.cn","8 Basil Crossing","Tucson","Arizona","US","85705","32.2680738","-110.9923905"
"Rev","Christen","Fortie","female","07-4","2004-07-4","2004","cfortie9m@imgur.com","8c71dd66-65f8-1b93-9f72-822768ef3d5f","89677170491907368045319171690739184782","2e33192100001649-26a9200000000013","74869684326720306612522276203688931775","788-251-4800","cfortie9m@imgur.com","21 Elgar Park","San Miguel","Michoacan De Ocampo","MX","58805","19.3579802","-99.0806085"
"Mr","Amanda","Balloch","female","09-28","1978-09-28","1978","aballoch22@ca.gov","88da768f-ee6e-0648-f931-65b657a7cb77","74491371514852282136635030016969850743","2e33192100007877-0c7d200000000014","65204740076215232853133078822222868837","637-855-0010","aballoch22@ca.gov","763 Rigney Place","Whitehorse","Yukon Territory","CA","Y1A","60.7610412","-135.1742265"
"Mr","Dorian","Robiou","female","02-10","1979-02-10","1979","drobiou3a@dagondesign.com","23a04a10-c82e-d854-d242-f345831d1848","57813456042024273227717774364391131077","2e33192100005363-0999e00000000015","68106005911584606214795660735814614381","314-947-6917","drobiou3a@dagondesign.com","1 Katie Pass","Saint Louis","Missouri","US","63104","38.6160491","-90.2291565"
"Mr","Mollee","Summerhayes","female","03-11","1976-03-11","1976","msummerhayeskv@marriott.com","394c906f-7419-e41d-a34d-4fa8eb406f8b","68010634653789398033687883520136493061","2e33192100006e20-03f0800000000016","86941673978509148558550168477630483878","281-846-0781","msummerhayeskv@marriott.com","73 Buena Vista Way","Saint-Rémi","Québec","CA","K1G","45.26678","-73.61585"
"Ms","Kalila","Revely","female","07-30","1970-07-30","1970","krevely5j@jigsy.com","159a3633-9a10-0862-c468-55e85bf883fc","52477723701072102672707109707543394901","2e33192100007126-352c200000000017","72240678575969410245277060483380721448","983-851-6044","krevely5j@jigsy.com","414 Maryland Drive","Labelle","Québec","CA","N2L","43.4426097","-80.5443485"
"Mrs","Jonell","Sorensen","female","06-21","1964-06-21","1964","jsorensenmc@google.es","12f176e5-b549-32f3-68e3-afa8b991abf6","58181609123868991359135609118567084209","2e33192100006509-0372000000000018","80217678634028272104450606280342717472","607-509-1457","jsorensenmc@google.es","470 Talisman Road","Benito Juarez","Durango","MX","35180","25.4967308","-103.5886255"
"Ms","Kacie","Flaunier","female","08-9","2005-08-9","2005","kflaunier9y@t-online.de","9b0b3fec-9fa3-83ad-f467-52b7389e79e3","66897334365922598028874789607855505920","2e33192100007cab-232b200000000019","66462684469923719001555581040303059371","703-475-0584","kflaunier9y@t-online.de","57677 Shopko Point","Alexandria","Virginia","US","22301","38.8189466","-77.0593245"
"Mrs","Maxi","Tribell","female","06-1","1964-06-1","1964","mtribelll@usa.gov","d1abe585-09b7-c781-50ea-8ce82603c493","81374561389514417790919448086659744331","2e3319210000477a-2b11a0000000001a","62957079801659496697296744493873514458","853-720-5308","mtribelll@usa.gov","48808 Westend Street","Concord","Ontario","CA","L4K","43.798329","-79.5079075"
"Dr","Giuseppe","Wint","male","12-23","1966-12-23","1966","gwint4@whitehouse.gov","2d187285-0bd1-94ad-8430-c1e293d37bad","57378372348382178575424468578303981986","2e3319210000205f-318560000000001b","68225469578949049522249081177276002319","424-709-1977","gwint4@whitehouse.gov","18363 Shelley Hill","Sussex","New Brunswick","CA","E4E","45.7236192","-65.5108765"
"Mr","Deeann","Bouch","female","05-31","1987-05-31","1987","dbouch42@bigcartel.com","f54bea3a-bec8-775b-3ea1-ba70de039365","85591352059659960377283124486461963944","2e33192100000af5-1b54c0000000001c","7994600083475255477960189553903881539","403-929-9258","dbouch42@bigcartel.com","950 Shoshone Trail","Gananoque","Ontario","CA","K7G","44.3287491","-76.1635655"
"Mrs","Rachel","Hopkyns","female","07-15","1971-07-15","1971","rhopkynsfh@google.co.jp","c7aaf181-bb8d-cada-8341-ce5cbf218f06","47173561273088122797767646005587522164","2e33192100001f89-08c100000000001d","87663224868169450525657192884824620156","906-759-9728","rhopkynsfh@google.co.jp","4 Duke Court","Napierville","Québec","CA","M2N","45.18648","-73.40465"
"Mrs","Queenie","Kaas","female","10-5","1983-10-5","1983","qkaasrq@google.ca","806805f7-dc9c-10bd-9943-72cf8c1f711a","52635025935958732607130714868179225926","2e33192100003cfd-2234a0000000001e","57805183966796895183086833545817637207","540-546-8329","qkaasrq@google.ca","518 Oriole Pass","Roanoke","Virginia","US","24034","37.27","-79.95"
"Rev","Lauretta","Santon","female","08-4","1985-08-4","1985","lsantonbc@wunderground.com","ebf8e222-890f-6134-2733-a65594d5f955","58621451639585305290324659045926156416","2e33192100003ac1-0cc240000000001f","53326499206122440034330980471050253032","795-222-9190","lsantonbc@wunderground.com","87490 Bayside Terrace","Lazaro Cardenas","Oaxaca","MX","69800","17.9567646","-102.1943485"
"Mrs","Bobbie","Cullum","female","02-23","1984-02-23","1984","bcullum1r@desdev.cn","c457a3ae-d102-fdcb-a0a7-200d37f8ca0d","82035263179605374313001251991000232086","2e33192100004bb5-36b6800000000020","66304587173240143743988853321450697567","520-484-7638","bcullum1r@desdev.cn","8 Basil Crossing","Tucson","Arizona","US","85705","32.2680738","-110.9923905"
"Honorable","Regan","Meckiff","male","04-1","1989-04-1","1989","rmeckiff8s@scribd.com","4ac59a6c-3454-6940-f8b2-dcc138ed1c92","77356389774977913556674805517349928708","2e3319210000307c-2672800000000021","64911094220004060157118698245886198802","858-868-6297","rmeckiff8s@scribd.com","31420 Forest Dale Parkway","La Soledad","Oaxaca","MX","70324","21.8756188","-102.2848725"
"Honorable","Nance","Gilfoy","female","12-21","2002-12-21","2002","ngilfoy8y@kickstarter.com","57bc983c-7247-241e-2699-11781d4be661","92124495421446783740344135911482739759","2e33192100005f23-2f34600000000022","52812928696650482963132985408952815415","948-956-6677","ngilfoy8y@kickstarter.com","925 Loftsgordon Plaza","Richmond","British Columbia","CA","V6Y","49.1571976","-123.1152605"
"Dr","Brook","Allchorne","male","02-9","1978-02-9","1978","ballchornehg@economist.com","931dab71-1a6d-4935-bf05-1a55f3a0a4b8","63400852822197367115293925844306737264","2e33192100006401-0180e00000000023","60862388281456641844388270249176090564","801-161-1427","ballchornehg@economist.com","0 Mitchell Trail","Ogden","Utah","US","84409","41.2","-111.95"
"Mrs","Malynda","Waddy","female","03-18","1963-03-18","1963","mwaddy6w@nydailynews.com","96c8018f-a0dc-b029-b79a-3761d4af7e2e","83425284193873608786627950671153546255","2e33192100003333-1b9d000000000024","86805487310506854708121292798194004670","510-219-2898","mwaddy6w@nydailynews.com","515 Packers Trail","Los Angeles","Sinaloa","MX","81426","25.4765601","-108.0887655"
"Honorable","Wesley","Szymanowicz","male","05-22","1985-05-22","1985","wszymanowicz11@pbs.org","acef995b-5272-e216-6a94-dcdd398ceb6d","59119753037599321581745137810733380489","2e33192100006b1a-2ee8600000000025","60371535713497808307511813879280678784","685-717-2051","wszymanowicz11@pbs.org","61030 Pierstorff Crossing","Toronto","Ontario","CA","M7A","43.6623015","-79.3894935"
"Rev","Robbin","Prandin","female","04-20","1982-04-20","1982","rprandinli@soundcloud.com","deb03a25-748c-23d1-1656-7542d99c81b3","64600887583635436760825187199685343492","2e3319210000194d-2502c00000000026","73081428400562778423082772750568701094","347-313-9551","rprandinli@soundcloud.com","635 Dunning Point","Guadalupe","Chihuahua","MX","33538","25.6765837","-100.2602365"
"Mr","Shellie","Leafe","female","02-21","1986-02-21","1986","sleafeqs@amazonaws.com","19eed46d-3f41-bad4-5866-06cb79c80eff","66975217906230298051383418779272395546","2e331921000042af-3456800000000027","68559637253577165568119766592473156726","215-599-8440","sleafeqs@amazonaws.com","15472 Lyons Alley","Philadelphia","Pennsylvania","US","19178","39.95","-75.15"
"Mrs","Jonell","Sorensen","female","07-5","1978-07-5","1978","jsorensenmc@google.es","2e00c89d-2474-102d-814f-6cd066166e72","78599144904728589241583630592051755605","2e33192100007be7-33ba000000000028","74266157691114835422075163671402037031","607-509-1457","jsorensenmc@google.es","470 Talisman Road","Benito Juarez","Durango","MX","35180","25.4967308","-103.5886255"
"Ms","Gustavus","Widdowfield","male","11-22","1980-11-22","1980","gwiddowfieldm0@un.org","b3950cc9-1f07-0fd0-d69a-4bd11d9525a9","67038631106912743725808085834213378738","2e331921000009c3-35aa000000000029","78625931012284985259024519229431959364","301-393-6569","gwiddowfieldm0@un.org","012 Montana Street","Hyattsville","Maryland","US","20784","38.9477341","-76.8807435"
"Mrs","Selig","Lean","male","07-17","1964-07-17","1964","sleanh9@sitemeter.com","c88a7c5b-169b-9ab7-336a-bbd5658713ff","63617921181537877872999884826580766062","2e331921000078ab-3f30a0000000002a","48957911596776517024536393164885114293","210-654-0023","sleanh9@sitemeter.com","27 American Avenue","San Antonio","Texas","US","78285","29.42","-98.45"
"Dr","Selena","Marc","female","05-5","2003-05-5","2003","smarcf5@github.com","b920456f-1c5f-130d-6a07-476bf8807425","76385915678091480852115202182719884528","2e3319210000338c-2c3b80000000002b","76156231782352672971562390012479844721","612-413-3551","smarcf5@github.com","699 Russell Pass","Minneapolis","Minnesota","US","55446","45.0497462","-93.4824635"
"Rev","Keri","Kevern","female","01-24","1986-01-24","1986","kkevern6q@1688.com","409206c5-6858-9f48-1e79-0d52bd2514b6","88987658761380537161827545496234079028","2e3319210000495b-0bc060000000002c","69360194739227594941477766411648912782","936-778-6172","kkevern6q@1688.com","59039 Division Place","Beaumont","Texas","US","77705","30.080174","-94.1265565"
"Ms","Vinny","Derr","female","01-28","1974-01-28","1974","vderr3r@wired.com","ced217b4-5b36-cc00-a120-4cc606506dcd","68703451656956609731631597336453102069","2e3319210000146c-11fd60000000002d","51005738951837408835668068739935325830","505-511-7252","vderr3r@wired.com","605 Dahle Court","Albuquerque","New Mexico","US","87105","34.9568026","-106.6055535"
"Dr","Jobey","Fishbourn","female","07-4","1982-07-4","1982","jfishbourn1g@constantcontact.com","6c988785-16cf-ca19-2631-070fba948d40","47918076657354520007544031093703264263","2e33192180000750-24a800000000002e","81850606043134517388546563899532331874","538-220-1517","jfishbourn1g@constantcontact.com","4582 Claremont Street","Benito Juarez","Michoacan De Ocampo","MX","61570","22.2016816","-97.8367955"
"Mr","Hillary","Roxby","male","10-24","1987-10-24","1987","hroxbyl4@1688.com","1507738d-c883-cb39-5034-a5b36347febe","52661350115545466302487194981132681557","2e33192180005528-39b0c0000000002f","54876721751006765171931992799262294541","302-793-5572","hroxbyl4@1688.com","62 Independence Lane","Newark","Delaware","US","19714","39.68","-75.75"
"Mrs","Theo","Leathwood","male","12-31","1974-12-31","1974","tleathwoodad@foxnews.com","05f31b2c-ead9-a4f7-b77b-37587e9f7e5c","68853566289163343433446528357241932961","2e33192180000d2c-0ebcc00000000030","5156376243407448327182565956938779290","704-175-3167","tleathwoodad@foxnews.com","08 Myrtle Lane","Charlotte","North Carolina","US","28263","35.21","-80.65"
"Mrs","Bobbee","McSweeney","female","02-2","1975-02-2","1975","bmcsweeneyd9@fotki.com","5e166e51-1b83-6d9c-f27c-3f237dee0b65","49752359280691436532543197558433399332","2e33192180007990-233f600000000031","89496576404977316048195118326057356182","571-286-0524","bmcsweeneyd9@fotki.com","413 Thierer Place","Springfield","Virginia","US","22156","38.79","-77.15"
"Rev","Elsy","Betje","female","10-23","1974-10-23","1974","ebetjejq@economist.com","5c1f8c16-52d7-c67d-3307-67f20e460b1c","63390222024070822284934102885712901235","2e331921800023af-10b4a00000000032","88371741932166379817239265906404642229","208-338-9473","ebetjejq@economist.com","97 Prairieview Court","Portland","Oregon","US","97211","45.5767359","-122.6386725"
"Ms","Axel","Wilde","male","01-31","2000-01-31","2000","awildedj@ted.com","cb8145b9-9168-6630-15ec-139afa8ff8f7","55610527659830147943533596517171969896","2e33192180007fa9-2ddb000000000033","76173800572496366803213835907494490562","212-757-1176","awildedj@ted.com","8 Lakewood Place","Brooklyn","New York","US","11254","42.1142239","-84.2494225"
"Rev","Wynne","Melchior","female","03-17","1986-03-17","1986","wmelchior25@cornell.edu","f2e05b07-5c5b-4fd5-2f03-4e45af78bdc7","90720055685976873377165663209364829822","2e331921800018e4-2876400000000034","74429170266132901237099716632589809455","320-546-2279","wmelchior25@cornell.edu","54785 Hagan Parkway","Saint Cloud","Minnesota","US","56372","45.62","-94.25"
"Rev","Robbin","Prandin","female","07-13","1979-07-13","1979","rprandinli@soundcloud.com","f9dcb8cc-35cf-e577-640b-23c0877abebf","72848900856182238374540045018941207265","2e33192180007bca-0387800000000035","76377162941886664982433124856096862263","347-313-9551","rprandinli@soundcloud.com","635 Dunning Point","Guadalupe","Chihuahua","MX","33538","25.6765837","-100.2602365"
"Mrs","Caressa","Brandon","female","06-1","1969-06-1","1969","cbrandone8@yandex.ru","2c39e2b2-e6cc-806d-0d20-063f43234cbe","54764815546166866824512617985484764102","2e331921800062d0-0d54600000000036","52267941777706623665608613194025515579","697-608-4164","cbrandone8@yandex.ru","6296 Maryland Drive","Fovissste","Chihuahua","MX","33980","27.1291264","-104.9126045"
"Dr","Stirling","Skelly","male","09-16","1979-09-16","1979","sskellyl7@spotify.com","d927721d-53a4-8542-e183-a11e14575fab","51166092097001821305479776802091911719","2e331921800079ed-32f9e00000000037","70805312727972524301097765522800527036","615-209-2173","sskellyl7@spotify.com","72 8th Hill","Nashville","Tennessee","US","37215","36.0802326","-86.8320745"
"Ms","Lester","Laden","male","11-18","1984-11-18","1984","lladen14@joomla.org","c286edb9-6209-e3f2-91aa-91e00e918d7a","87514276990665100984587250426053476534","2e33192180005fbb-0f31200000000038","8435650470618025276188008837728613487","823-793-5208","lladen14@joomla.org","18 New Castle Avenue","Guadalupe Victoria","Chiapas","MX","30414","24.4432479","-104.1175575"
"Rev","Cairistiona","Bradfield","female","03-11","1987-03-11","1987","cbradfieldre@reference.com","c970d455-35ab-aa80-8fa2-3486eb0d0d4d","53807851451596878165187292472181147995","2e33192180006f4c-28d7400000000039","73014243607501516494168490949371607678","214-606-2034","cbradfieldre@reference.com","024 John Wall Park","Dallas","Texas","US","75323","44.934021","-123.3072845"
"Mrs","Marlo","Fawloe","female","04-16","1967-04-16","1967","mfawloe8t@naver.com","89bd6b18-6629-fb20-dcd0-d04b8eb73b44","63334624818469155475238616731321020747","2e33192180004692-2a2760000000003a","83519680599307397973601359895681845036","814-820-6430","mfawloe8t@naver.com","2 Beilfuss Court","Erie","Pennsylvania","US","16522","42.1241764","-80.08185"
"Mr","Lanette","Knevit","female","09-25","1997-09-25","1997","lknevitoi@storify.com","874b0fb5-356e-99f1-44d2-9ed6bcd44f3a","57770826412271272971019873445226590913","2e331921800017ee-273f40000000003b","69609312637550623816972396947389433052","265-255-2910","lknevitoi@storify.com","812 Dahle Alley","Dante Delgado","Veracruz Llave","MX","96710","17.9898675","-94.6331655"
"Dr","Jeannine","Scotson","female","06-19","1973-06-19","1973","jscotson5e@mit.edu","e9e56fe2-1633-a46e-a3b3-d226e094594d","51711027690076073745478902569863367800","2e33192180006ad5-111320000000003c","84625578608230554746358015989160560077","614-998-9302","jscotson5e@mit.edu","49467 Nancy Park","Columbus","Ohio","US","43220","40.0506279","-83.0683515"
"Mrs","Antonella","Wrankling","female","07-10","1976-07-10","1976","awranklingdl@com.com","3146bde3-24a6-5676-ab25-5c1335b7ab3d","84385219299382626542466625584875716826","2e33192180001126-269d20000000003d","6098762052559090700250728837175882471","242-211-8508","awranklingdl@com.com","1421 Schiller Terrace","La Escondida","Nuevo Leon","MX","64650","25.6798529","-100.3622465"
"Honorable","Carlen","Cruxton","female","06-9","1984-06-9","1984","ccruxton2d@wunderground.com","1c99b7c4-f7ef-f3e6-e172-8b5c5192fc2d","75050475556617950833880325800734539694","2e33192180007fec-231920000000003e","57424431724206111454793138982593213300","577-260-0445","ccruxton2d@wunderground.com","9019 Starling Circle","Morelos","Michoacan De Ocampo","MX","61609","18.6813049","-99.1013495"
"Dr","Georgetta","Maylam","female","05-11","1976-05-11","1976","gmaylam2u@google.it","265de514-0d94-f54e-0b39-6f20413d329b","71346794064515169181330807193021533301","2e33192180001a90-2f99e0000000003f","79976534423486384891132613940547502548","310-106-3153","gmaylam2u@google.it","6 Lakeland Park","Fresno","California","US","93762","29.4743666","-98.5165165"
"Honorable","Jeannine","Niccolls","female","06-18","1988-06-18","1988","jniccollshv@macromedia.com","824043ca-f9e7-50f4-5d71-73d88d459e33","88958531371851005610113124754864817993","2e3319218000332c-24cbc00000000040","78866523341651581568072925362005885751","217-961-2492","jniccollshv@macromedia.com","81 Mesta Terrace","Springfield","Illinois","US","62756","39.7975767","-89.6551675"
"Dr","Cristina","Luetkemeyers","female","04-16","1976-04-16","1976","cluetkemeyerscp@barnesandnoble.com","62225dd7-d806-8d70-13d9-2cd71a024206","79520285763435181805361350714472481399","2e33192180006bf1-0908600000000041","69646541717584441166213339848174646102","556-699-2712","cluetkemeyerscp@barnesandnoble.com","46355 Continental Drive","Norman Wells","Northwest Territories","CA","H3G","65.2813951","-126.7987845"
"Mr","Brant","Chastang","male","11-13","2004-11-13","2004","bchastangm3@ted.com","ff2fdedf-64f6-df6c-bb52-07babd8aed51","88026652363638702228430016322485858518","2e33192180004e5f-06eae00000000042","75389148731291042291262921160616754639","853-242-5855","bchastangm3@ted.com","4295 Buell Park","Lazaro Cardenas","Oaxaca","MX","69800","17.9567646","-102.1943485"
"Mr","Rafaellle","Bond","male","02-28","2005-02-28","2005","rbondlp@prlog.org","fb8e043b-cb24-605d-d079-69b614555e43","81779618022100335238391090968698731659","2e33192180003b7d-2e07a00000000043","54489729550065468114796945732357373110","419-145-2242","rbondlp@prlog.org","9660 Schurz Place","Toledo","Ohio","US","43666","41.64","-83.55"
"Ms","Daune","Tingcomb","female","10-24","1986-10-24","1986","dtingcomb3j@bloglovin.com","41d04466-31f8-caed-2283-2dff4a8ce4f9","56776426042998785067742837442705668236","2e33192180004def-0f35400000000044","81103150201518946965408595648355648882","289-397-0687","dtingcomb3j@bloglovin.com","27 Maywood Lane","Langford","British Columbia","CA","V9C","48.4474626","-123.4956335"
"Ms","Kristin","Devall","female","05-26","1990-05-26","1990","kdevallel@google.com","987bf9a9-c899-0a4e-fb7a-81082ae71edb","47561461350627607370675464459515938307","2e331921800004bb-030a800000000045","8655359289910805352919326510434532744","865-423-6185","kdevallel@google.com","5854 Green Terrace","Knoxville","Tennessee","US","37939","35.94","-83.95"
"Ms","Cornelle","Daymond","female","01-9","1984-01-9","1984","cdaymondr9@google.ca","4ea6621e-10f8-2562-b19b-9bae3bc3a7d7","67752213536656517553613491123079301833","2e33192180007e04-17bac00000000046","69684288197519663218260218718869276443","214-969-2502","cdaymondr9@google.ca","2833 Sunfield Hill","Dallas","Texas","US","75323","44.934021","-123.3072845"
"Dr","Darcee","Mitchell","female","05-8","1961-05-8","1961","dmitchellh2@devhub.com","c5559ab1-81ad-09c7-adcf-1ceb3763c103","67814003762528344343621737979031499803","2e33192180001bf3-3308200000000047","87080861782710212809107250793935160428","314-438-3970","dmitchellh2@devhub.com","6140 Coleman Way","Emiliano Zapata","Michoacan De Ocampo","MX","61607","17.7409147","-91.7660525"
"Honorable","Augustina","Bolsteridge","female","11-23","1998-11-23","1998","abolsteridgek8@github.com","a3d02645-74ee-98a4-e9f0-974f1500387b","60662074874473208624245221842555391579","2e33192180007b60-2b3c400000000048","67328090981782597392145378691172843098","418-719-3942","abolsteridgek8@github.com","8981 Village Green Court","La Virgen","Mexico","MX","50695","19.2535103","-99.581955"
"Dr","Ali","Nielson","female","11-28","1975-11-28","1975","anielsonbg@addtoany.com","667fd5ba-a34e-a8f7-a6b1-c4186a179c4c","65497983158154557562891698192012785692","2e331921800068a3-25c5600000000049","80805099950592527683106440312448176008","763-619-0703","anielsonbg@addtoany.com","2 Milwaukee Lane","Maple Plain","Minnesota","US","55572","45.01","-93.65"
"Mrs","Andrea","Mechi","female","02-14","1981-02-14","1981","amechi2j@simplemachines.org","313bd84e-5d0b-9356-96b3-cdf55d5b9e54","54109432620746033204522231834690238052","2e33192180005f9b-273660000000004a","61549157837628681785715341749800160020","239-157-8749","amechi2j@simplemachines.org","53448 Bobwhite Lane","Naples","Florida","US","34102","26.132433","-81.7951055"
"Ms","Ebba","Wenden","female","09-8","1995-09-8","1995","ewendene5@bloglovin.com","38ebe5b6-f6fb-fb70-92f2-7489a51210f2","77886353322946945043859047617743048629","2e3319218000156d-0aafa0000000004b","89156853528795254225733282383184836858","703-500-1830","ewendene5@bloglovin.com","58860 Pankratz Pass","Alexandria","Virginia","US","22309","38.7240446","-77.1082445"
"Honorable","Stephani","Greig","female","08-9","1977-08-9","1977","sgreigqk@quantcast.com","446ba890-f16b-7a63-c837-4c589bb6b312","74745900815197344655970492278137077377","2e33192180006e48-0cde40000000004c","67302098296462367384169670751518019254","688-850-7053","sgreigqk@quantcast.com","851 Loeprich Way","Pemberton","British Columbia","CA","E1W","50.31641","-122.80275"
"Dr","Lucias","Congreave","male","11-24","1986-11-24","1986","lcongreavent@devhub.com","7f9b95c5-ab2a-faf8-4e1d-cd8fbad40411","66519303423419042810384308135481752140","2e331921800001c9-2d2480000000004d","50345068398046734175335637639464501768","768-103-0714","lcongreavent@devhub.com","65743 Hagan Way","Parry Sound","Ontario","CA","P2A","45.3483509","-80.0175735"
"Dr","Tisha","Allone","female","04-8","2002-04-8","2002","talloneqd@bloglines.com","e821f86e-714f-686c-05cd-7fc8bf64e257","84068460764745901713879421628920318766","2e33192180001909-24f0a0000000004e","60596768827436746713384119834243283238","303-331-4607","talloneqd@bloglines.com","6965 Eastwood Point","Denver","Colorado","US","80279","39.7446895","-104.9933775"
"Ms","Paulie","Ryburn","female","05-1","1989-05-1","1989","pryburn3v@businesswire.com","78bc747e-3f10-a192-ab4c-21ea096eea3c","80936701892082629378283146829098074675","2e33192180001119-09cd80000000004f","4929648820413394888186269820424897690","866-685-4752","pryburn3v@businesswire.com","65950 Blackbird Circle","Penhold","Alberta","CA","L2E","52.13342","-113.8685"
"Dr","Lanita","Wickins","female","07-9","1965-07-9","1965","lwickinsfj@cdc.gov","4cb74092-26e8-0c8a-0317-e98242afdb63","46836983408713040994763205580183416999","2e3319220000786f-0620000000000050","49230514200644804771656532506717827716","930-839-7152","lwickinsfj@cdc.gov","86 Pankratz Plaza","Gjoa Haven","Nunavut","CA","J7R","68.62602","-95.87835"
"Honorable","Fee","Jessel","male","05-21","1987-05-21","1987","fjessel93@wikimedia.org","1bbc781d-fbb2-beb9-26b7-b55dafd7e700","82925100952648251008221928939922475442","2e33192200003e3a-2a32600000000051","68699868613112918202350054090609086198","786-627-5733","fjessel93@wikimedia.org","1 Center Avenue","Miami","Florida","US","33158","25.6387878","-80.3073825"
"Mr","Celestyn","Ikins","female","05-22","1976-05-22","1976","cikins1q@unc.edu","a8ec9d56-a0d1-f841-1f50-fd34f85cd299","50717398023022766280890470983179089108","2e33192200001e7f-3818600000000052","68511487153629703583720665344101824429","646-273-3255","cikins1q@unc.edu","981 Forster Center","Flushing","New York","US","11388","40.7753311","-73.8726185"
"Ms","Cornelle","Daymond","female","08-13","2002-08-13","2002","cdaymondr9@google.ca","857b157f-9a0f-d8a1-a794-9d0964772866","58358559033506874263798347628389842726","2e33192200004a4c-370e200000000053","68302880211809545726816807358483549712","214-969-2502","cdaymondr9@google.ca","2833 Sunfield Hill","Dallas","Texas","US","75323","44.934021","-123.3072845"
"Dr","Dulsea","Garrettson","female","09-4","1994-09-4","1994","dgarrettson5v@imageshack.us","2da467c4-dbeb-d1ed-b29c-9e345878a057","49725695546709429288355464918655220375","2e33192200002766-0d94200000000054","81277168026537525876858022666513763267","262-166-8936","dgarrettson5v@imageshack.us","301 Myrtle Terrace","Racine","Wisconsin","US","53405","42.7333428","-87.8255015"
"Dr","Bobbette","Crandon","female","09-2","1962-09-2","1962","bcrandonpy@cbslocal.com","b8a2671e-6403-a9e3-22f4-0b8f42dd1bc3","65699085455432397426355534434135328964","2e331922000043d4-2ad7e00000000055","71262571435961899186936005452857522659","628-646-5202","bcrandonpy@cbslocal.com","42310 Oak Way","Atikokan","Ontario","CA","K1Y","48.75667","-91.62405"
"Mr","Bondon","Stack","male","01-30","2002-01-30","2002","bstackga@answers.com","61810f02-eec5-21a3-14d0-7ab631920477","90063835958125233601103997123854222919","2e33192200003f94-2738800000000056","46857853530596305673215650464176424185","957-339-0879","bstackga@answers.com","74227 Ohio Avenue","Montréal-Est","Québec","CA","J4N","45.5417415","-73.471155"
"Rev","Alyss","Brobak","female","04-25","2004-04-25","2004","abrobak5m@cafepress.com","1b5156e9-bea5-b13f-15c8-d56d71a45c5b","78654719121806162184285662518286531392","2e331922000018e8-1b07e00000000057","70095268775839650815052009281900988861","676-923-0250","abrobak5m@cafepress.com","9 Beilfuss Circle","Beloeil","Québec","CA","J3H","45.551643","-73.1932645"
"Mr","Port","Wimpress","male","01-10","1971-01-10","1971","pwimpress45@barnesandnoble.com","1465193c-2a57-e797-1e14-0e94aad5ce91","73275874060363577570445935591835480714","2e331922000058be-0e75000000000058","64954592043055510666330958699453433178","573-933-7002","pwimpress45@barnesandnoble.com","69890 Blue Bill Park Circle","Jefferson City","Missouri","US","65105","38.5","-92.15"
"Mrs","Clemmie","Hurne","female","10-25","1997-10-25","1997","churned5@csmonitor.com","f86daf5d-5beb-bd8e-38bf-067ebe6e8f07","75576603404922926346648984753503945486","2e33192200003c9d-0d15e00000000059","55768149526960963462691849174724726564","285-755-5139","churned5@csmonitor.com","7 Bluejay Pass","Melfort","Saskatchewan","CA","B3H","52.86673","-104.61765"
"Dr","Cherida","Meadway","female","12-25","1966-12-25","1966","cmeadwayjg@angelfire.com","5260cf85-2c82-8dd5-351e-b91a9cf45d1d","73624564267195106562985073705002186784","2e33192200003137-16a740000000005a","60684061610259095822305017932728940466","634-551-4021","cmeadwayjg@angelfire.com","92 Rigney Way","Kitchener","Ontario","CA","N2R","43.3851754","-80.4882675"
"Mrs","Franciska","Osgarby","female","09-19","1980-09-19","1980","fosgarbyme@adobe.com","81504f87-3a81-fc10-81d3-435bf64900cb","86291506049695388413842271917740474989","2e33192200000c27-3cb0e0000000005b","68635403847091711202523587267363949892","258-954-1035","fosgarbyme@adobe.com","3922 Sachtjen Park","Blainville","Québec","CA","J7J","45.7013243","-73.9284855"
"Dr","Elvera","Gooderham","female","06-27","1988-06-27","1988","egooderhamd3@nhs.uk","f2163f03-9c3b-b4f9-b4d8-3f6393cfd482","91303270343599704821906056337431509051","2e33192200006033-159a00000000005c","61124135280111802867265074821662918368","605-420-6755","egooderhamd3@nhs.uk","28812 Warrior Trail","Sioux Falls","South Dakota","US","57193","43.6","-96.7099995"
"Dr","Cristina","Luetkemeyers","female","08-9","1986-08-9","1986","cluetkemeyerscp@barnesandnoble.com","7d984e0c-fec4-afd6-a20f-cff9565fd716","56064691637737806451982403536223683487","2e3319220000033f-2e5000000000005d","86214815187206523877635316670230121307","556-699-2712","cluetkemeyerscp@barnesandnoble.com","46355 Continental Drive","Norman Wells","Northwest Territories","CA","H3G","65.2813951","-126.7987845"
"Mr","Celestyn","Ikins","female","01-5","1984-01-5","1984","cikins1q@unc.edu","e2570118-8608-0c0d-7f63-d652847c89f5","85068461244054956843292814362873936374","2e3319220000303b-13d860000000005e","73220181669375546513347680517859818159","646-273-3255","cikins1q@unc.edu","981 Forster Center","Flushing","New York","US","11388","40.7753311","-73.8726185"
"Rev","Nerta","Angelo","female","10-11","1998-10-11","1998","nangelo40@homestead.com","b6e148a3-4614-137b-ec9e-8ff692e1ea43","84865755812675841565624683302359054033","2e3319220000752b-27eaa0000000005f","73961201483381401015722548703405296870","202-685-9485","nangelo40@homestead.com","1634 Barnett Pass","Washington","District of Columbia","US","20238","38.9","-77.05"
"Honorable","Willi","Thistleton","female","11-5","1994-11-5","1994","wthistletonff@ibm.com","bf6e14ee-3040-6fea-d1e5-145ab1d29aae","78139286926118317877134517498455674390","2e3319220000617e-072ba00000000060","60823884602303733575927703771266725532","626-577-5155","wthistletonff@ibm.com","0829 Del Sol Court","Pasadena","California","US","91131","34.143068","-118.1412655"
"Ms","Dun","Penwright","male","01-4","2001-01-4","2001","dpenwrightgu@twitter.com","df14a272-2b59-9f0b-4686-087c429d8cf4","87281442006132721070193867611850911885","2e33192200007649-14a1200000000061","90795183736922651042489549027509682901","108-655-1317","dpenwrightgu@twitter.com","790 Northland Hill","Magisterial","Chiapas","MX","29223","32.5468611","-116.9030255"
"Mrs","Gleda","Van Son","female","12-10","1964-12-10","1964","gvansonkr@digg.com","7aeef9b8-cbd4-6928-9b56-5390bcc03fad","83886994755879398910533420452925194087","2e331922000071ca-36d2c00000000062","57466855867479204271167043444178793631","614-483-3262","gvansonkr@digg.com","43395 Hoard Junction","Columbus","Ohio","US","43210","39.9990626","-83.0173385"
"Ms","Liane","Lanktree","female","02-27","1999-02-27","1999","llanktree6y@ftc.gov","13ad37cd-267d-15c3-52e3-c9553f206d3e","92120267415604968178950212970813764060","2e331922000021f3-1f79a00000000063","9127878757848056007594310954334011294","108-612-7970","llanktree6y@ftc.gov","3712 Summerview Road","Kamloops","British Columbia","CA","H9P","50.66648","-120.3195"
"Mrs","Gwenore","Cote","female","11-25","1985-11-25","1985","gcote8@shareasale.com","44f6e7e3-4d4c-b808-f00a-a98529d84f11","88701163585554196910195899363678569650","2e3319220000583f-2855200000000064","56689269998071774192052751070218665584","216-679-8932","gcote8@shareasale.com","21947 Melby Trail","Bromont","Québec","CA","J2L","45.3151096","-72.661835"
"Honorable","Tarrah","Bennedick","female","09-8","1990-09-8","1990","tbennedickj1@rambler.ru","3eae1fca-6cd7-e846-320b-c1bb74ce71fb","80560923703153762285775140534448636110","2e331922000022ca-2171000000000065","56838507797276941592146036332554203881","662-989-9765","tbennedickj1@rambler.ru","3374 Mifflin Drive","Windsor","Québec","CA","J1S","45.5787215","-72.001055"
"Mrs","Janeczka","Twitchett","female","04-8","1970-04-8","1970","jtwitchettck@wikia.com","d7946782-67f4-f5b4-57e3-ce4e1b4cac0d","56953968352561591503181417724942858341","2e33192200004a92-1cdd800000000066","76261354413044260872927083142480968184","361-277-5115","jtwitchettck@wikia.com","2034 Kensington Hill","Corpus Christi","Texas","US","78405","27.7772091","-97.4435445"
"Ms","Crystal","Hawkswood","female","01-20","1986-01-20","1986","chawkswoodhw@gnu.org","097f0890-80ba-2221-f612-df639a2ee9d7","50495859473051123458084227799188681687","2e33192200006203-049bc00000000067","80313561398004815415552349838073479178","601-726-2810","chawkswoodhw@gnu.org","1 Rieder Street","Jackson","Mississippi","US","39216","32.3361632","-90.1565205"
"Rev","Katerina","Jevons","female","11-24","1998-11-24","1998","kjevons6r@state.gov","7c46c5bf-75de-2435-fdbd-790ef53f327e","71139421492341167512595282884514266128","2e33192200002b92-0f00a00000000068","70610465120962108687714872551051736312","654-504-3947","kjevons6r@state.gov","626 Merrick Crossing","Assiniboia","Saskatchewan","CA","H3C","49.63336","-105.98445"
"Rev","Malina","Creamen","female","08-20","1975-08-20","1975","mcreamenhl@state.gov","fe39b854-6480-a2d8-5558-a1c028fa7d3a","79607722497809442802919861296095708140","2e33192200001601-011f600000000069","52963776018955915913273564435633425324","405-397-9706","mcreamenhl@state.gov","088 Service Point","Oklahoma City","Oklahoma","US","73129","35.4318343","-97.4922405"
"Dr","Ulberto","Robers","male","12-5","1982-12-5","1982","urobers33@ucsd.edu","da035d1e-9752-25a1-5ff2-d11e13443342","66818653549865846547234972083806583903","2e331922000051da-2c2f40000000006a","88802188001838500088571425381013109584","700-508-7043","urobers33@ucsd.edu","582 Duke Street","Juarez","Chihuahua","MX","32630","31.6903638","-106.4245475"
"Mr","Charlotte","Parnell","female","04-1","2001-04-1","2001","cparnelldz@parallels.com","ac34b590-47eb-425f-5a6c-29a9ce5425c2","88444037100123396277546498174039995637","2e33192200007293-1cf440000000006b","66173809231697372241069747200325535658","924-739-1243","cparnelldz@parallels.com","5243 Surrey Plaza","Sechelt","British Columbia","CA","K1B","49.47512","-123.75905"
"Mr","Jakie","Stenet","male","05-19","1983-05-19","1983","jstenetd6@merriam-webster.com","33cbcc70-f797-f290-7580-2cea0e640bd1","88296275353171614076066775722853972169","2e331922000046cf-269c00000000006c","85979851249296850688832330609386110925","641-525-1022","jstenetd6@merriam-webster.com","015 Mitchell Lane","Fort Macleod","Alberta","CA","V6S","49.71671","-113.41855"
"Dr","Tisha","Allone","female","08-16","2003-08-16","2003","talloneqd@bloglines.com","b5769499-94df-fa34-a8e2-fddc2f361b77","80585236644570118878921632973292876350","2e33192200002cdf-163580000000006d","7104945231912828560532095313031836168","303-331-4607","talloneqd@bloglines.com","6965 Eastwood Point","Denver","Colorado","US","80279","39.7446895","-104.9933775"
"Mr","Karna","Poynzer","female","06-22","1987-06-22","1987","kpoynzernk@japanpost.jp","b200f262-91b1-ee6c-9da1-07900f4418ae","69735006223297249384155745940828799819","2e33192200004cf7-209b80000000006e","52013971325311341331915933378576364678","727-210-6935","kpoynzernk@japanpost.jp","226 Golf View Street","Saint Petersburg","Florida","US","33731","27.7703677","-82.6356735"
"Honorable","Margaretta","Baude","female","06-15","1969-06-15","1969","mbaudeai@csmonitor.com","03a220f8-1303-ff77-1796-75c3e03523df","59327451622044812593598999782268449630","2e33192200006c4d-158860000000006f","78698318623248264774503213618059130628","675-963-2536","mbaudeai@csmonitor.com","5157 High Crossing Avenue","Emiliano Zapata","Tabasco","MX","86690","18.0711639","-93.1616515"
"Ms","Kacie","Flaunier","female","02-28","1988-02-28","1988","kflaunier9y@t-online.de","d9319c9e-4ca1-5176-4420-72724b9522ec","73675614429727924907696662131437551783","2e331922000012f9-09fde00000000070","76849114594927322753744727419252592556","703-475-0584","kflaunier9y@t-online.de","57677 Shopko Point","Alexandria","Virginia","US","22301","38.8189466","-77.0593245"
"Honorable","Willa","Rubenfeld","female","03-9","1980-03-9","1980","wrubenfeldm2@cargocollective.com","7c7902a6-eb4a-cc57-74aa-4deca7bc3946","65494659456237109473610385530229929440","2e331922000063d0-2982600000000071","86314164695642704824977788371909494932","678-366-0675","wrubenfeldm2@cargocollective.com","42300 Caliangt Pass","Burns Lake","British Columbia","CA","M4H","54.2331","-125.7535"
"Dr","Darcee","Mitchell","female","02-27","1976-02-27","1976","dmitchellh2@devhub.com","0ba64aa7-ba37-a21b-82a9-9dc3b6b812e6","91184335248910955500505074900784496192","2e33192200005570-3b76400000000072","90940884769672588383304013022528779786","314-438-3970","dmitchellh2@devhub.com","6140 Coleman Way","Emiliano Zapata","Michoacan De Ocampo","MX","61607","17.7409147","-91.7660525"
"Mrs","Cecilia","Riepl","female","11-20","1976-11-20","1976","crieplhi@webeden.co.uk","33c36897-5d17-d089-e538-609a484d234e","65430654368134685486880842706672529615","2e33192200006cc6-15d6000000000073","68358116972945968517790231971332404300","638-873-4884","crieplhi@webeden.co.uk","1 North Plaza","Benito Juarez","Veracruz Llave","MX","96720","22.2016816","-97.8367955"
"Mr","Vernen","MacRierie","male","04-24","1993-04-24","1993","vmacrierieh8@umich.edu","7cf1e343-4b49-ba99-56e0-1676a67228e4","59514826417453285966550110521906579958","2e3319228000245d-2575a00000000074","53652649867612288672935589142614855262","206-155-5525","vmacrierieh8@umich.edu","25 Brown Street","Seattle","Washington","US","98115","47.6849444","-122.2982225"
"Honorable","Opal","Boffin","female","05-8","1993-05-8","1993","oboffin9j@wufoo.com","5074022a-1138-391e-f3f3-df46ab282958","84452707625831370366218252019482998600","2e331922800057c1-31fac00000000075","48066399450326933483791092224762687553","907-529-6592","oboffin9j@wufoo.com","3 Truax Court","Mont-Tremblant","Québec","CA","J8E","46.1223915","-74.5838515"
"Honorable","Noami","Andover","female","03-3","1963-03-3","1963","nandover6n@marketwatch.com","702b62b6-36bc-a959-916e-3e2cadeb35f6","84347166847992094736281009085768710115","2e33192280004cc9-2176600000000076","49056224543776526312857725692449603775","717-504-8495","nandover6n@marketwatch.com","8771 Melody Junction","Harrisburg","Pennsylvania","US","17121","40.2684396","-76.8832655"
"Dr","Risa","Kofax","female","06-11","1968-06-11","1968","rkofax1d@webmd.com","fc7eb0cf-3b05-4b38-0513-79b10243aea5","70320105425417034634902904954653524420","2e3319228000523a-2bca200000000077","48871606179504017702223625160118321467","989-312-2720","rkofax1d@webmd.com","0 Crest Line Avenue","Saginaw","Michigan","US","48604","43.5072348","-83.9638425"
"Mr","Rhody","Binnes","female","10-16","1977-10-16","1977","rbinnes60@prweb.com","18acb22f-abcc-18b8-50c0-8e3accfaded2","68206671550114693580583029469501213118","2e3319228000524c-00c7a00000000078","62224251755696527022841478815761478736","241-482-0939","rbinnes60@prweb.com","7441 Steensland Junction","El Progreso","Oaxaca","MX","68451","21.2811908","-89.6651625"
"Dr","Eunice","McNeachtain","female","09-15","1998-09-15","1998","emcneachtaincr@blogs.com","e4850fe1-4e83-a39c-9288-7f42220b3fd4","58883830235271087414684052500148996099","2e33192280001f32-14f0a00000000079","84472486578484421254640868759761763775","714-728-7042","emcneachtaincr@blogs.com","7 Artisan Parkway","Fullerton","California","US","92835","33.9041552","-117.9307585"
"Rev","Matelda","Baudet","female","12-4","1962-12-4","1962","mbaudetek@blogs.com","3ac4b43d-56ca-4268-811a-eae652681120","72919745790182293931216971384348100229","2e331922800007de-240300000000007a","75600284478842135693362598606864073012","756-317-9673","mbaudetek@blogs.com","98497 Scofield Junction","Beaumont","Alberta","CA","T4X","53.3524256","-113.4153735"
"Honorable","Murdoch","Mertin","male","05-3","1979-05-3","1979","mmertin34@pcworld.com","740108e4-f273-ce70-42d2-995e6379a471","52436008175574937944462626572357291551","2e33192280007cfa-1f5760000000007b","74490305810942599395286172802922793335","282-911-8635","mmertin34@pcworld.com","053 Leroy Plaza","Lindavista","Michoacan De Ocampo","MX","58140","19.5037694","-99.1324285"
"Dr","Fanni","Donisi","female","02-7","1986-02-7","1986","fdonisi5y@printfriendly.com","31f0e41b-7349-2e02-6f8e-d94888e7804a","54629362885766251151585840725409943437","2e33192280005f09-1001a0000000007c","80483576472389956525143510914747317495","225-883-6711","fdonisi5y@printfriendly.com","4 Merchant Court","Las Flores","Veracruz Llave","MX","95096","20.900993","-100.747185"
"Mr","Dahlia","Satterthwaite","female","04-16","1976-04-16","1976","dsatterthwaite6k@cafepress.com","6c820dd9-1122-5635-c361-30c9f0418b43","80358784905844328035163446401916289215","2e331922800050f6-2b4ec0000000007d","57624330780284121037284771566876475366","505-212-1531","dsatterthwaite6k@cafepress.com","8849 Melody Plaza","Las Cruces","New Mexico","US","88006","32.31","-106.75"
"Mrs","Suellen","Hallowes","female","11-14","1981-11-14","1981","shallowesqe@wikipedia.org","3b907d3a-613b-dfe9-0586-a0e661ff2512","80791008742129775373837475871854867771","2e33192280006e5c-14e7c0000000007e","50288115730759457048930034002538379231","418-905-4344","shallowesqe@wikipedia.org","37202 Tennessee Circle","Magisterial","Jalisco","MX","47207","21.443179","-102.5724745"
"Mr","Jannel","Bygate","female","01-28","1974-01-28","1974","jbygate3m@free.fr","ba64c587-5077-c0ab-000e-7a4bcbfe3396","50283890097465796541619692641558639404","2e33192280001fd5-0db7c0000000007f","85527083040909533085640680614751285382","205-618-7578","jbygate3m@free.fr","6416 Riverside Avenue","Birmingham","Alabama","US","35236","33.37","-86.85"
"Mr","Fairfax","Stepney","male","10-14","1993-10-14","1993","fstepneyao@uol.com.br","1c598ee0-2b27-081b-255f-25061bd9e0d9","89605918423571382378913767290387543924","2e33192280005749-3845600000000080","74048403051848629852273204266734469228","705-214-9054","fstepneyao@uol.com.br","7419 Kennedy Road","La Escondida","Nuevo Leon","MX","64650","25.6798529","-100.3622465"
"Mrs","Jonell","Sorensen","female","12-27","1975-12-27","1975","jsorensenmc@google.es","fe7ff29c-3e86-3c8d-fda6-8c251debaf0f","49563975557637432728885292718120416653","2e33192280000eb3-2233400000000081","56004715589854673258742762192055025310","607-509-1457","jsorensenmc@google.es","470 Talisman Road","Benito Juarez","Durango","MX","35180","25.4967308","-103.5886255"
"Mrs","Elsy","McPike","female","11-18","1966-11-18","1966","emcpike61@tamu.edu","e1859243-d88d-977d-932a-02634faaf3b7","56640690117572433191563448763392279471","2e3319228000713a-0d78000000000082","67352336690928312477965825566115675939","792-576-8436","emcpike61@tamu.edu","65677 David Trail","Hanna","Alberta","CA","T6L","51.63343","-111.90185"
"Mrs","Gwenore","Cote","female","02-3","1973-02-3","1973","gcote8@shareasale.com","f5c0e56c-fd81-6660-5a7a-d1ab518706c7","86411199867841446494883768763024623907","2e3319228000605a-32cc600000000083","78171346297653746514425655607562908026","216-679-8932","gcote8@shareasale.com","21947 Melby Trail","Bromont","Québec","CA","J2L","45.3151096","-72.661835"
"Dr","Chelsy","Episcopi","female","06-6","1968-06-6","1968","cepiscopid2@fastcompany.com","8b6bc707-39ee-fd48-3249-7461ee8f4d8b","80592899733946066883469587389521480430","2e33192280004d16-2c26e00000000084","74929113126060508098381643094024237569","502-683-4080","cepiscopid2@fastcompany.com","39935 Katie Plaza","Beaverlodge","Alberta","CA","G8A","55.21664","-119.43605"
"Dr","Rouvin","Twoohy","male","08-4","1979-08-4","1979","rtwoohymv@javaEnabled.com","c3eb8c2e-8e09-1d0f-2dc6-cb619e86c1e9","78665517810389614063110721668523182574","2e33192280002223-30ee200000000085","79163827181156731894555548207545534087","560-106-6639","rtwoohymv@javaEnabled.com","49098 Lakewood Drive","San Antonio","Oaxaca","MX","71200","19.4805668","-99.2058275"
"Mr","Ardyth","Dubble","female","03-8","1977-03-8","1977","adubblek4@w3.org","593bef3d-13fe-12f5-bd6e-e4cededbcc97","77125863074254618517668129008321147125","2e331922800043b8-093e200000000086","71925424928356570448209991001886901756","637-642-6745","adubblek4@w3.org","6028 Spohn Alley","Beaverlodge","Alberta","CA","G8A","55.21664","-119.43605"
"Dr","Rayna","Glaisner","female","11-29","1974-11-29","1974","rglaisnermi@slashdot.org","37edd2e5-cb90-ed86-c0f6-7dba7ffefcdd","91968961805463190439202334882523398262","2e33192280000fb6-2d30200000000087","8063276893858278973845018985373022683","419-486-1505","rglaisnermi@slashdot.org","0 High Crossing Place","San Jose","Hidalgo","MX","43161","25.8007724","-100.4277765"
"Dr","Jake","Hartly","male","07-11","1986-07-11","1986","jhartly2b@wordpress.com","21df336c-466e-c46e-f4f2-5b2934cea623","64934523306434203965068879416710116711","2e33192280004732-0d90800000000088","8871641678261940652733644051467646220","894-125-5341","jhartly2b@wordpress.com","16310 Manitowish Center","Lindavista","Chiapas","MX","29557","19.5037694","-99.1324285"
"Dr","Cristina","Luetkemeyers","female","08-25","1986-08-25","1986","cluetkemeyerscp@barnesandnoble.com","36e4b44f-4eea-30a6-635c-32f97142af21","85855167052081441520569003206882576684","2e33192280005282-38fc200000000089","65473796389827733402162055516768914079","556-699-2712","cluetkemeyerscp@barnesandnoble.com","46355 Continental Drive","Norman Wells","Northwest Territories","CA","H3G","65.2813951","-126.7987845"
"Rev","Radcliffe","Castillo","male","05-17","1966-05-17","1966","rcastillo9v@e-recht24.de","9cb5df06-1310-9181-db24-d3cba75c55ef","91633231390260981393017255339333434808","2e33192280000a1e-35ea60000000008a","81240541164637273822858694699252991122","704-991-0365","rcastillo9v@e-recht24.de","38315 Mitchell Point","Charlotte","North Carolina","US","28205","35.2037032","-80.7842185"
"Rev","Livy","Turpie","female","03-3","1984-03-3","1984","lturpiejm@ning.com","206683fb-9dba-c327-4efa-18912364ba11","73621103418075316508178920985840433459","2e331922800068ca-3b1940000000008b","77565080504531238672096682879206900272","874-573-5479","lturpiejm@ning.com","2 Carioca Trail","Mattawa","Ontario","CA","V5M","46.31681","-78.69955"
"Rev","Filmer","Curzey","male","09-25","1966-09-25","1966","fcurzey50@sun.com","d25ac83e-b042-1ab2-2808-8245b1e8ae8e","73816089169042279321644791792784031040","2e33192280005ee7-0f1a80000000008c","59941693127161727084802407876313892763","386-833-7009","fcurzey50@sun.com","60895 Twin Pines Trail","Lazaro Cardenas","Guerrero","MX","40160","18.2886378","-99.4526825"
"Mr","Aeriel","McKeachie","female","05-7","1984-05-7","1984","amckeachiejv@ft.com","377e91aa-58ee-534d-08d0-6f1d0c042414","81944482286463005449160954925506670968","2e33192280002366-082e40000000008d","54238695683451303233590384501919207277","616-816-3468","amckeachiejv@ft.com","04 Loftsgordon Road","Grand Rapids","Michigan","US","49518","42.9862014","-85.625085"
"Mr","Patty","Hentzeler","female","08-24","2003-08-24","2003","phentzelerja@newsvine.com","cad939cd-537a-91b4-e345-ca08eebd6b17","54431891488794636598185853541305239430","2e33192280006cd4-253a00000000008e","52093523953041081127995492578665480172","850-524-1153","phentzelerja@newsvine.com","57 Reinke Park","Tallahassee","Florida","US","32314","30.4124334","-84.2831165"
"Mrs","Jorie","Hanscomb","female","07-21","1977-07-21","1977","jhanscomba1@ycombinator.com","2fd3f790-658c-b79c-6ff9-931b50508a29","71583660282296330914290225580366973396","2e33192280004f4b-0c18a0000000008f","82139710337262062153984534832489058008","808-195-0517","jhanscomba1@ycombinator.com","89 Corben Hill","Honolulu","Hawaii","US","96840","21.31","-157.85"
"Mrs","Gretal","Colhoun","female","12-19","1999-12-19","1999","gcolhounp1@sourceforge.net","33a14276-0bea-a20e-229f-ffdbbb889a85","63109678357415833093043463815684900683","2e331922800040dd-1897400000000090","63770520049589625612456375416010751844","334-116-0629","gcolhounp1@sourceforge.net","26 Mcguire Hill","Montgomery","Alabama","US","36177","32.2299999","-86.15"
"Mrs","Faye","Lambert","female","09-12","1982-09-12","1982","flambertb4@amazonaws.com","ff4a2114-bd43-777a-8bb3-6a4593093462","61411485741685689060378897045984097055","2e331922800068b3-1a30400000000091","73986018800767443474610474911570283768","812-901-1232","flambertb4@amazonaws.com","0714 Service Trail","Evansville","Indiana","US","47719","38.0515795","-87.6876115"
"Mr","Anette","Maith","female","07-23","1974-07-23","1974","amaithla@va.gov","8a80344f-78d0-4fb2-58da-b80fe69719fc","75598610107629135847868785549912617822","2e33192280003109-073c600000000092","80823786198087558161730371534125513829","757-375-6643","amaithla@va.gov","54678 Eggendart Pass","Montréal","Québec","CA","H5B","45.5080397","-73.564545"
"Ms","Pearline","Saiens","female","06-2","2001-06-2","2001","psaiensf9@sina.com.cn","9119cf28-eb63-b103-7a9b-d05ad000d096","89213626182028831137119636477095491097","2e33192280001c3b-338e600000000093","66302633688874192656253224190874045107","234-664-0364","psaiensf9@sina.com.cn","7 Northview Circle","Parrsboro","Nova Scotia","CA","L2A","45.40015","-64.33205"
"Ms","Irwin","Eldon","male","08-1","2002-08-1","2002","ieldonnb@census.gov","f1f102dd-fe5e-9424-a56f-b00e94ad6179","50637540747123664884834111621303678876","2e33192280004e9e-22a3c00000000094","7867469424932598650238288428590055892","208-921-1606","ieldonnb@census.gov","3918 West Plaza","Manuel Cavazos Lerma","Tamaulipas","MX","88600","25.8314621","-97.4875045"
"Mrs","Cate","Acomb","female","09-5","1967-09-5","1967","cacombm1@mayoclinic.com","e31c516e-435c-8258-d473-c06ab68fc43a","46911989496877791004243818591380681979","2e33192280004572-1892200000000095","54047140178334332124199112265779361684","629-129-6117","cacombm1@mayoclinic.com","7 Eastlawn Circle","Mercier","Québec","CA","J6R","45.3204459","-73.7525455"
"Mr","Haily","Philipeau","male","11-30","1982-11-30","1982","hphilipeauef@salon.com","7bd454d8-db94-c62d-6267-e917dc7a816c","82264762821944250768329134149762201823","2e33192280002eca-0c46800000000096","78669515100389044625621069170712921210","947-899-4214","hphilipeauef@salon.com","0960 Schmedeman Junction","Benito Juarez","Chiapas","MX","29120","22.2016816","-97.8367955"
"Mrs","Leeann","Sisson","female","12-2","1984-12-2","1984","lsissonok@apache.org","b0abf082-24dc-0616-72d4-1213ac90f910","88488196702544905771388220271266870887","2e33192280005605-3f7cc00000000097","72260771572549198547215716221372026160","238-906-7424","lsissonok@apache.org","591 Bultman Court","Crossfield","Alberta","CA","B0N","51.43341","-114.03525"
"Mr","Aurora","Rawstorn","female","05-11","1991-05-11","1991","arawstorni2@netvibes.com","28f6cbfb-c077-b104-02b9-a5dffc9b744d","68158378028859013366861510514400476457","2e33192280001757-3838c00000000098","7857554222008015586150777608305395555","187-939-4662","arawstorni2@netvibes.com","35 Quincy Crossing","Santa Cruz","Oaxaca","MX","70762","19.6938888","-99.2591665"
"Mr","Brunhilde","Flanaghan","female","12-11","1989-12-11","1989","bflanaghan4h@woothemes.com","79322b6c-b10e-77ef-b53e-93b57d43d4a8","73211066865614311065697172263971868003","2e331922800043bc-1fe6e00000000099","91621649132348588738861380357830954758","816-560-2566","bflanaghan4h@woothemes.com","94765 Crownhardt Lane","Independence","Missouri","US","64054","39.1063109","-94.4439365"
"Honorable","Bartholemy","Valenti","male","02-25","1974-02-25","1974","bvalenti6z@newsvine.com","57d3aecd-f017-bd9f-6049-0a1821a01a03","87808530983118633701405266982076265809","2e33192280003304-0b03c0000000009a","71611953627135042916785122055288503631","966-563-0291","bvalenti6z@newsvine.com","279 Crowley Court","Arroyo Seco","Guerrero","MX","41821","21.5471976","-99.6878435"
"Mrs","Nadia","Hintzer","female","04-22","1985-04-22","1985","nhintzerb6@themeforest.net","aaf29064-341b-3b58-1267-aafc77856445","63192229622985873545015249034448911602","2e33192280005f1c-2a6a20000000009b","75846354054906946797803777363383794030","314-311-1058","nhintzerb6@themeforest.net","37 West Avenue","Saint Louis","Missouri","US","63150","38.63","-90.2099995"
"Rev","Rog","Farfalameev","male","11-22","1969-11-22","1969","rfarfalameevp4@about.me","b0ae6737-82fa-9342-cc6e-a4eafe207730","56096607747189727227647487322271102472","2e33192300001d91-307e00000000009c","59981969419690297631870472649354988173","864-653-0742","rfarfalameevp4@about.me","298 Orin Terrace","Spartanburg","South Carolina","US","29305","34.9378859","-81.9021305"
"Honorable","Lily","Souch","female","01-9","1960-01-9","1960","lsouchir@webnode.com","6e19cb9d-9436-a0c8-93f9-652b7db06155","79525747498522748655996791085746929382","2e331923000054cc-1c3ec0000000009d","72671041203323681172856131495267578540","808-300-6144","lsouchir@webnode.com","086 Onsgard Pass","Honolulu","Hawaii","US","96840","21.31","-157.85"
"Rev","Bidget","Franzettoini","female","08-15","1969-08-15","1969","bfranzettoinimn@booking.com","1850bb2e-2997-0a29-5ece-1ca3544bc7a5","66073532106491385941366731873992459156","2e33192300006561-021f40000000009e","69268863555791266305112141111576118126","392-109-0809","bfranzettoinimn@booking.com","1201 Arrowood Junction","Barrhead","Alberta","CA","T7N","54.1187723","-114.3954065"
"Mr","Jannel","Bygate","female","12-18","1963-12-18","1963","jbygate3m@free.fr","aa475f17-042b-d4b4-e6e5-41595355be7a","66993943177652982528381563233624674091","2e33192300004f74-0a4c60000000009f","59657032614064033255855319960439996028","205-618-7578","jbygate3m@free.fr","6416 Riverside Avenue","Birmingham","Alabama","US","35236","33.37","-86.85"
"Mr","Donna","Barnbrook","female","08-10","1991-08-10","1991","dbarnbrookdw@edublogs.org","e113e5f4-8436-cc70-b54f-2a740f3ab12e","50087081203911120691251793935214856585","2e33192300004c4d-13822000000000a0","50299019547786021365023503279055025330","452-114-3531","dbarnbrookdw@edublogs.org","64546 Nancy Terrace","Fairview","Alberta","CA","L1M","56.06675","-118.38605"
"Ms","Ardis","Ashborn","female","06-3","1969-06-3","1969","aashbornhj@upenn.edu","3b49bf2c-d2c8-a97f-8b3c-8457eb4790a8","88714242480023299153154371040768312376","2e33192300001ef5-34ef0000000000a1","57461820956214011272839164467187989149","816-771-6682","aashbornhj@upenn.edu","915 West Street","Saint Joseph","Missouri","US","64504","39.6924206","-94.9143235"
"Rev","Sondra","Oliffe","female","03-2","1987-03-2","1987","soliffe53@last.fm","41be8264-b16a-d0ec-1248-ca51341d8bbf","47774563755147517968379093365925431091","2e33192300002838-1e58e000000000a2","48498996451727696234694868107976621654","469-782-4352","soliffe53@last.fm","85363 2nd Avenue","Garland","Texas","US","75044","32.9629396","-96.6691575"
"Honorable","Riva","Sarjent","female","04-22","2001-04-22","2001","rsarjent46@usatoday.com","f7c19e6c-1b91-2c43-0142-51c468bf063f","73726855132448040516939052220260436698","2e33192300006f8e-015f0000000000a3","83288985850915744339210897181418669725","256-764-0854","rsarjent46@usatoday.com","169 Fairview Way","Huntsville","Alabama","US","35805","34.6939733","-86.6107105"
"Ms","Ebba","Wenden","female","04-10","1978-04-10","1978","ewendene5@bloglovin.com","42e5cdd8-f81a-19e3-8351-36165d201ad0","56167755797185272330969621404436771770","2e33192300005a49-2eb70000000000a4","66226729934161411322241542710396040821","703-500-1830","ewendene5@bloglovin.com","58860 Pankratz Pass","Alexandria","Virginia","US","22309","38.7240446","-77.1082445"
"Mr","Ernesta","McKevitt","female","04-21","1970-04-21","1970","emckevittpf@house.gov","bf0608c5-0ff2-587c-5fa0-d71eda169eb2","86644301092585117810518493306402224326","2e3319230000292d-16494000000000a5","73637796160143997975659707373327567504","941-937-5269","emckevittpf@house.gov","5 Service Trail","La Joya","Guanajuato","MX","37600","19.27898","-99.1653355"
"Honorable","Wandis","Carrel","female","09-23","1967-09-23","1967","wcarrele9@diigo.com","a31cb2d4-5100-0cd0-d175-7490a4a8899d","87581691129371843997060904468539617435","2e331923000031ad-2bdf6000000000a6","84066315362127884449109607374747646875","202-267-3746","wcarrele9@diigo.com","1789 Spenser Pass","Washington","District of Columbia","US","20238","38.9","-77.05"
"Rev","Eolande","Forge","female","01-20","1963-01-20","1963","eforge9z@tinypic.com","34fe2401-a983-6113-3891-da6957987db1","77954140378089344506512785742596849314","2e33192300003012-343b6000000000a7","84314165048267779996046816528823268696","382-235-8663","eforge9z@tinypic.com","65412 Maywood Lane","Santa Rosa","Jalisco","MX","48966","25.8025129","-100.2268525"
"Dr","Eydie","Gelly","female","04-20","1962-04-20","1962","egelly71@twitter.com","9b23825a-e73f-8aad-0632-95acd9143fca","47457386284353622743005247274799052706","2e3319230000709d-1c198000000000a8","64756992535173584196876232742647644846","229-511-3599","egelly71@twitter.com","676 Mesta Parkway","Albany","Georgia","US","31704","31.5547633","-84.06035"
"Mrs","Terrie","de Guerre","female","11-12","1962-11-12","1962","tdeguerre7i@amazon.co.uk","67e7944c-963e-7ac4-6e9d-854787ebbb69","47546664428643186851105469147892137716","2e331923000068e8-38686000000000a9","83410295405719480498377050495595267664","718-745-0913","tdeguerre7i@amazon.co.uk","5 Ramsey Crossing","New York City","New York","US","10009","40.7275043","-73.9800645"
"Ms","Kristin","Devall","female","10-28","1960-10-28","1960","kdevallel@google.com","993269ee-b3ce-ea79-8a2e-efb884fef110","78273721485464295524804719070265391109","2e331923000046e2-26624000000000aa","81279701012311610734010924297782476617","865-423-6185","kdevallel@google.com","5854 Green Terrace","Knoxville","Tennessee","US","37939","35.94","-83.95"
"Honorable","Willi","Thistleton","female","08-4","1991-08-4","1991","wthistletonff@ibm.com","0a696725-2ebe-3c8f-ebb9-9b0844d6240d","69489995417323674145616104715698589005","2e331923000037d4-0081a000000000ab","81573937648277641619132981499189742409","626-577-5155","wthistletonff@ibm.com","0829 Del Sol Court","Pasadena","California","US","91131","34.143068","-118.1412655"
"Mr","Robena","Georgins","female","06-24","1999-06-24","1999","rgeorgins6a@blogtalkradio.com","658c8d3f-5281-82cb-5fe9-48951ce86e48","52193807175455887258709652454646200632","2e331923000055b6-30542000000000ac","53236436559042018548698456831508133259","860-365-9269","rgeorgins6a@blogtalkradio.com","44 Roxbury Lane","5 de Mayo","Veracruz Llave","MX","93350","19.2874648","-99.6494475"
"Rev","Cairistiona","Nevins","female","09-29","1975-09-29","1975","cnevins35@mlb.com","c9372f78-d914-5109-7701-edab3fca5624","66315946289500636560726002712418533526","2e331923000013ca-11850000000000ad","51725413797271495132378013210595344272","804-748-9683","cnevins35@mlb.com","9 Katie Trail","Richmond","Virginia","US","23242","37.62","-77.65"
"Honorable","Ric","Decker","male","02-12","2004-02-12","2004","rdeckergs@nifty.com","dd777274-2db4-074b-754b-c4618178fcfc","54122077754794775592383058467808036662","2e33192300003d94-3d596000000000ae","5377179156621954358923408026412795495","781-608-0031","rdeckergs@nifty.com","77928 Spohn Junction","Biggar","Saskatchewan","CA","N1S","52.0668","-108.00135"
"Dr","Georgetta","Maylam","female","06-20","1996-06-20","1996","gmaylam2u@google.it","c3e4dabf-62fd-133c-36ca-18915c22931d","57661566527318167843176856631075553477","2e33192300006ae4-23094000000000af","91982061579416110962628853474887053595","310-106-3153","gmaylam2u@google.it","6 Lakeland Park","Fresno","California","US","93762","29.4743666","-98.5165165"
"Honorable","Florie","De Maine","female","06-18","1973-06-18","1973","fdemainen1@barnesandnoble.com","c1b81533-6f54-7d7d-86cc-f147406e1a61","90385602107249229800718124094259706731","2e33192300004125-2bcca000000000b0","52198295991833128266250344328487781650","816-805-1215","fdemainen1@barnesandnoble.com","037 Esch Park","Independence","Missouri","US","64054","39.1063109","-94.4439365"
"Dr","Brynna","Javes","female","05-4","1960-05-4","1960","bjavesp7@imdb.com","ddb35c33-ea58-2079-73c9-445948625b74","74633368347082968857986075893165047092","2e33192300002cd6-2c082000000000b1","72696262116280066321421120958906846581","986-527-2680","bjavesp7@imdb.com","6 Kensington Lane","Santa Anita","Guanajuato","MX","38900","20.5502194","-103.4433055"
"Ms","Claudie","Uden","female","02-13","2002-02-13","2002","cuden8f@gravatar.com","e95b3d2c-061b-085f-acc7-5a16c3de227e","46805525174762033892046921494778694974","2e33192300003866-053d4000000000b2","68688867879797444286040112644360221550","748-337-5916","cuden8f@gravatar.com","166 Anthes Trail","Hidalgo","Veracruz Llave","MX","96980","20.0910963","-98.7623875"
"Mrs","Franciska","Osgarby","female","02-9","1962-02-9","1962","fosgarbyme@adobe.com","8498326d-3423-79e5-047e-97565f390d27","54061417169594681137019889925367445600","2e3319230000007f-3e33c000000000b3","73553749621766425373504745167846161466","258-954-1035","fosgarbyme@adobe.com","3922 Sachtjen Park","Blainville","Québec","CA","J7J","45.7013243","-73.9284855"
"Ms","Suzi","Kampshell","female","04-27","1978-04-27","1978","skampshell2r@dailymotion.com","bccce2db-6455-d2fc-6f37-a1b98feb29de","90600985388175816340068985776681563109","2e33192300004c53-22e36000000000b4","54489461204026043891016798963096766073","515-302-2837","skampshell2r@dailymotion.com","533 Donald Center","Des Moines","Iowa","US","50320","41.5359175","-93.5711465"
"Rev","Joby","Lowdiane","female","01-13","1988-01-13","1988","jlowdiane89@facebook.com","69d6bccf-258b-8a95-6524-c16f0377381d","59750044588816210034580156569580752222","2e33192300007e59-1d656000000000b5","79557834873984565684792297567895797035","202-869-5296","jlowdiane89@facebook.com","8 Wayridge Circle","Washington","District of Columbia","US","20210","38.8920292","-77.0136485"
"Honorable","Louisette","Marshalleck","female","05-1","1965-05-1","1965","lmarshallecklm@163.com","5a80055d-8ca8-5921-3469-130da32e351c","70834624579489221391289328760934481308","2e33192300000871-0588c000000000b6","8453227133414034629823249291092801779","813-417-0989","lmarshallecklm@163.com","0345 Riverside Drive","Tampa","Florida","US","33673","27.9943858","-82.459485"
"Mr","Yvonne","Muzzall","female","08-31","1992-08-31","1992","ymuzzall5@mail.ru","60c1e6ef-138c-9ffd-1890-a0b209275ee0","65293255587134321788579368608891093375","2e331923000036f2-34cc2000000000b7","84343992487992812827444506156691833341","776-430-8707","ymuzzall5@mail.ru","17254 Oakridge Road","Summerland","British Columbia","CA","H1V","49.59977","-119.66915"
"Honorable","Stephani","Greig","female","05-24","1960-05-24","1960","sgreigqk@quantcast.com","757abbc9-a787-c9d9-c834-4d9e26e3a3de","91508140870862626556193609156066822837","2e331923000047ba-11af4000000000b8","75381492008727839444402563421112416708","688-850-7053","sgreigqk@quantcast.com","851 Loeprich Way","Pemberton","British Columbia","CA","E1W","50.31641","-122.80275"
"Dr","Olivier","Ceeley","male","02-18","1971-02-18","1971","oceeley6d@imdb.com","88b5bc1e-948f-32a2-faf6-2fb6263f5ce5","67257525211005946232431808497078221586","2e3319230000755d-22148000000000b9","73285130029232994494457021922595653030","615-789-1279","oceeley6d@imdb.com","9 Rowland Park","Nashville","Tennessee","US","37205","36.1030036","-86.8722145"
"Rev","Isidor","Limbourne","male","02-14","1977-02-14","1977","ilimbourneak@nbcnews.com","de4c372d-8e41-587c-6e89-2f8dc23ebeee","60341515739890120988212577682705726696","2e33192300006925-3bd46000000000ba","46242577844749046059010673259795530234","267-848-6106","ilimbourneak@nbcnews.com","9061 Nobel Plaza","South River","Ontario","CA","P3Y","45.8334","-79.38295"
"Mrs","Stafani","Goble","female","03-13","1975-03-13","1975","sgoblef3@stumbleupon.com","8d9c2661-e08d-c30e-8622-a3f582230209","54619912707227627845163647527088505387","2e33192300001a97-3167c000000000bb","53181675735517809805774303554492678135","777-701-3290","sgoblef3@stumbleupon.com","66829 Arapahoe Way","Anmore","British Columbia","CA","V5A","49.2686175","-122.9364385"
"Mr","Oralie","Studdal","female","04-9","2000-04-9","2000","ostuddal4a@imdb.com","8e835a9d-ec21-bac6-e8f2-7a97aaf34a9e","47022512463282845383002886237952849574","2e33192300002fd2-25100000000000bc","69190567231270741821373005144849400076","483-230-0124","ostuddal4a@imdb.com","836 Utah Lane","Lewisporte","Newfoundland and Labrador","CA","M2K","49.24993","-55.04815"
"Rev","Bidget","Franzettoini","female","07-12","1979-07-12","1979","bfranzettoinimn@booking.com","fe0a9027-79fc-afd3-d819-d201f56f7f16","78936612816220085057428223605102756499","2e33192300007ced-234e0000000000bd","61790893452797947801476608254742215465","392-109-0809","bfranzettoinimn@booking.com","1201 Arrowood Junction","Barrhead","Alberta","CA","T7N","54.1187723","-114.3954065"
"Dr","Rhoda","Gawn","female","10-21","1989-10-21","1989","rgawn8m@cdbaby.com","a8490a1d-8d08-14ba-22cb-4cd7e3153f2e","88957029321665547945323221224414790534","2e3319230000366e-38562000000000be","65166378226303595386833561147777135112","336-899-9761","rgawn8m@cdbaby.com","6226 Nova Plaza","Winston Salem","North Carolina","US","27150","36.0978298","-80.2438325"
"Honorable","Felice","Grelka","male","12-31","1965-12-31","1965","fgrelkak9@discuz.net","48d9d8c2-a970-90d4-d8fa-fbf93dc8e08f","91090719846909813472376211333828358921","2e33192300006fc9-15010000000000bf","73182878163550470921716188049748152125","393-897-1827","fgrelkak9@discuz.net","46633 Clemons Plaza","Las Palmas","Guanajuato","MX","36200","20.8743656","-101.5188815"
"Ms","Maighdiln","Taberer","female","01-2","1979-01-2","1979","mtabererq4@nydailynews.com","96a1f61c-e2d7-1959-53ef-58f2f1e4b0fd","65170643598778345988906547535301920486","2e3319230000520a-27276000000000c0","84500474898312228317399965755184232786","304-516-2274","mtabererq4@nydailynews.com","01 Vera Street","Huntington","West Virginia","US","25775","38.42","-82.45"
"Mr","Oralie","Studdal","female","01-18","1997-01-18","1997","ostuddal4a@imdb.com","d244381b-4931-26ea-4bf2-9b54968c86aa","54331853335097601794854094360866998476","2e33192300001d11-2ab42000000000c1","54906390393812673276044585583377009150","483-230-0124","ostuddal4a@imdb.com","836 Utah Lane","Lewisporte","Newfoundland and Labrador","CA","M2K","49.24993","-55.04815"
"Mr","Dahlia","Satterthwaite","female","01-11","1972-01-11","1972","dsatterthwaite6k@cafepress.com","e49f6d70-7518-d115-4807-876e6bfb6727","49288922551355375531003209153859072549","2e331923000076a3-0afd8000000000c2","47518316718095230644085962695195213541","505-212-1531","dsatterthwaite6k@cafepress.com","8849 Melody Plaza","Las Cruces","New Mexico","US","88006","32.31","-106.75"
"Rev","Meggie","Bilbrook","female","05-14","1980-05-14","1980","mbilbrook8c@prweb.com","6b5c97dd-bd71-d7d5-8570-6c425fd1331a","76701026015655879935923697665362117947","2e33192380002f3b-24922000000000c3","58480925663535996522007775994383153392","356-232-1082","mbilbrook8c@prweb.com","2699 Mifflin Circle","Nicolas Bravo","Guerrero","MX","40030","19.453837","-99.1227875"
"Honorable","Hardy","Upstone","male","08-14","1967-08-14","1967","hupstonehb@who.int","c74a8fe8-5eda-1a51-0de7-c376e6e83809","84935651695516586947181342971388969513","2e33192380003f7a-2da5e000000000c4","76960275256807350245196502277274776570","969-669-2212","hupstonehb@who.int","4 Bellgrove Lane","Dorchester","Ontario","CA","E4K","45.900828","-64.5169465"
"Mr","Dunstan","Matfin","male","08-22","2004-08-22","2004","dmatfine6@nba.com","039092f8-5d59-8900-291d-5c3d3804da11","50796159842887974178188754389774088374","2e331923800018a2-2bc6e000000000c5","50380631050024587786009709177400739369","303-170-0264","dmatfine6@nba.com","518 Logan Way","Aurora","Colorado","US","80045","39.7503186","-104.8367065"
"Dr","Milzie","Ghidini","female","12-23","1980-12-23","1980","mghidinigf@ucoz.ru","f422aed3-61b9-f3fc-89d0-3e4195336346","61991536375566716156043023659915955731","2e3319238000579a-00bfa000000000c6","53893171623662956577624739335700789189","570-245-6095","mghidinigf@ucoz.ru","426 Debra Lane","Parksville","British Columbia","CA","V9P","49.3193375","-124.3136415"
"Honorable","Noami","Andover","female","07-17","1998-07-17","1998","nandover6n@marketwatch.com","7e8c4e28-07f1-c051-4adc-31e66c7493dc","89605151982363520314745738520426598032","2e33192380004fb7-132c2000000000c7","71346256340143223911846702271243531714","717-504-8495","nandover6n@marketwatch.com","8771 Melody Junction","Harrisburg","Pennsylvania","US","17121","40.2684396","-76.8832655"
"Dr","Emmett","Dericot","male","12-3","1994-12-3","1994","edericot6f@usnews.com","ba899cdf-7f34-390a-ffd7-9e46633845f2","59449305144589690493006952529405260105","2e3319238000319c-2ced2000000000c8","69764449801161957741170649409333184411","512-514-2370","edericot6f@usnews.com","74015 Pankratz Parkway","St. Thomas","Ontario","CA","N5R","42.7665598","-81.1747495"
"Ms","Curry","Libbie","male","09-30","1972-09-30","1972","clibbien8@nifty.com","d2f5ce9d-8e16-5b03-ef3a-e6d8ae1dc53b","68934042244415534167718010482716265999","2e33192380007319-28394000000000c9","83908440035170429782358140027963657963","405-744-0081","clibbien8@nifty.com","67 Anzinger Alley","Oklahoma City","Oklahoma","US","73179","35.4209352","-97.6656625"
"Rev","Merci","Mengue","female","04-25","1995-04-25","1995","mmengue69@tmall.com","3116677d-b1cd-235c-d1ff-f48d7a1f6c80","91369946136362093232163270515688126359","2e33192380005627-08e6c000000000ca","87427277676806070056732917938055659253","253-682-3780","mmengue69@tmall.com","45 Dryden Pass","Seattle","Washington","US","98104","47.6015566","-122.3323355"
"Mr","Kanya","Canter","female","03-30","1962-03-30","1962","kcanterqo@vk.com","da107efc-e58f-6328-9843-a40de6804ee2","50200494412432870171457645236977712783","2e331923800026ac-1d99e000000000cb","62157520153068879975011434732883558799","215-865-4783","kcanterqo@vk.com","7205 Jackson Way","Philadelphia","Pennsylvania","US","19191","39.95","-75.15"
"Ms","Bud","Freeman","male","12-10","1961-12-10","1961","bfreemanj7@deliciousdays.com","2dbd02ef-3593-5696-ae53-62fc5d841ea1","62498465618307947100382994832312152987","2e33192380004972-3dd42000000000cc","46721923018459874258181424280859622095","427-622-1014","bfreemanj7@deliciousdays.com","2369 Garrison Avenue","Victoriaville","Québec","CA","G6T","46.0845","-71.9782415"
"Honorable","Ches","Duell","male","10-15","1986-10-15","1986","cduell9i@seesaa.net","23b246ef-6ee0-1b7a-7d81-fd1289f67753","79569286738146794906448155852716589268","2e3319238000208d-2dc80000000000cd","66267857537200381901413221266863048765","306-133-7748","cduell9i@seesaa.net","8911 Prairie Rose Place","Mount Pearl","Newfoundland and Labrador","CA","A1N","47.5206407","-52.8076815"
"Ms","Liane","Lanktree","female","09-3","1985-09-3","1985","llanktree6y@ftc.gov","32ad8113-6b33-373b-3613-ebbab5d3ce70","81526576976398457993275954671555690471","2e331923800002f7-3c9e0000000000ce","5525570508262377854884173689334546809","108-612-7970","llanktree6y@ftc.gov","3712 Summerview Road","Kamloops","British Columbia","CA","H9P","50.66648","-120.3195"
"Rev","Stevana","Perry","female","12-10","1987-12-10","1987","sperryes@foxnews.com","5ed1bf9c-2515-613f-2ce8-f06b1b1ea734","46349953856887940826502383644983344707","2e33192380005e01-13136000000000cf","74781054422784336736974680554774902624","570-511-2377","sperryes@foxnews.com","2 Oakridge Terrace","Wilkes Barre","Pennsylvania","US","18763","41.2505888","-75.8520875"
"Mrs","Carleton","Jentzsch","male","12-10","1964-12-10","1964","cjentzschop@is.gd","8be6b321-8c6c-1a30-dbb6-ff240cfa0092","75337346991014438548188428213876574823","2e331923800049e6-2df26000000000d0","57853843280488889352130638750050664117","352-367-9151","cjentzschop@is.gd","36 4th Park","High Prairie","Alberta","CA","L8N","55.4334","-116.4855"
"Dr","Ab","Torrance","male","02-19","1979-02-19","1979","atorrancept@shareasale.com","e48a640e-3d40-dabe-f7cb-42ba8162ee04","60291643118369767390481763715682420099","2e3319238000578d-1f672000000000d1","62163910708693578578705341289090010853","343-387-9867","atorrancept@shareasale.com","3 Chinook Park","Anahuac","Veracruz Llave","MX","92035","22.200895","-97.8531155"
"Mr","Charlotte","Parnell","female","12-24","1987-12-24","1987","cparnelldz@parallels.com","0284981e-8239-065d-ffce-c1a5deaf3f54","85911930484154683798953689560670226329","2e331923800072d9-13ad6000000000d2","81554861137260145409106389338145310961","924-739-1243","cparnelldz@parallels.com","5243 Surrey Plaza","Sechelt","British Columbia","CA","K1B","49.47512","-123.75905"
"Ms","Paulie","Ryburn","female","12-19","2000-12-19","2000","pryburn3v@businesswire.com","5cf5e751-2a2a-6902-7c38-bb20e1ed0460","53916062249731472676327221019263548395","2e33192380004500-072fc000000000d3","56633332097963970036572931675909044574","866-685-4752","pryburn3v@businesswire.com","65950 Blackbird Circle","Penhold","Alberta","CA","L2E","52.13342","-113.8685"
"Ms","Quentin","Tokley","female","05-19","1963-05-19","1963","qtokley8z@123-reg.co.uk","a307e5bf-0d68-0dbe-3585-888f6c289138","50374706018178556146583188355234838300","2e3319238000706e-3e29a000000000d4","78798805229546868891615847452043136134","304-271-0146","qtokley8z@123-reg.co.uk","7057 6th Crossing","Charleston","West Virginia","US","25326","38.35","-81.65"
"Dr","Demetra","Danielis","female","05-25","1960-05-25","1960","ddanielispa@vistaprint.com","ff94d9e1-e6cb-c5c1-7fd3-529a0c327860","72876852824066286891521448586896063330","2e33192380007d37-2fb16000000000d5","69071370424814488852163741989681120468","212-446-5559","ddanielispa@vistaprint.com","91249 Knutson Drive","New York City","New York","US","10131","40.7681987","-73.9608425"
"Ms","Myranda","Kohlert","female","10-5","1993-10-5","1993","mkohlert38@marketwatch.com","d95508dd-edc8-b218-636f-b4291a88a19b","62954931726712956622775879761058352837","2e33192380004e7e-19e14000000000d6","80530159314421990068791662063689185143","657-851-3349","mkohlert38@marketwatch.com","195 Coleman Parkway","Sydney Mines","Nova Scotia","CA","B1V","46.2475531","-60.2362745"
"Rev","Katherina","Pinock","female","02-17","1979-02-17","1979","kpinock6v@google.fr","3d07ec89-bbb8-1ec4-7e57-c3087fe6eaad","91992983098757086483031229520456103428","2e3319238000342c-09516000000000d7","87941107945173143223053463971192128807","487-236-3689","kpinock6v@google.fr","534 Glacier Hill Trail","Cookshire-Eaton","Québec","CA","M4C","45.41675","-71.6325"
"Honorable","Nari","Cookes","female","05-29","1994-05-29","1994","ncookes9a@springer.com","5805c410-37cc-5312-354a-c9e91751d200","58279331757793424707540395421972413862","2e33192380007787-1c652000000000d8","63557885280051787825772072718646133825","805-434-5302","ncookes9a@springer.com","625 Shoshone Junction","Emiliano Zapata","Mexico","MX","51355","17.7409147","-91.7660525"
"Dr","Glennie","Tugwell","female","07-1","1999-07-1","1999","gtugwellh@networkadvertising.org","af092ac5-3aa6-e6be-5b79-851da927862b","58171122637079902202890671933346366796","2e33192380002167-24dca000000000d9","77104650540043747574031136327232407999","972-431-4629","gtugwellh@networkadvertising.org","97 Pleasure Hill","Irving","Texas","US","75062","32.8449965","-96.9799755"
"Mrs","Lorilee","Mulmuray","female","06-1","1966-06-1","1966","lmulmurayp0@multiply.com","9ab91bd9-a4a2-9c5c-0eac-34c4de9fd650","73900875341898937587577204503891261556","2e33192380004f17-366c0000000000da","58632579344569559417851781544723237558","515-330-7648","lmulmurayp0@multiply.com","15 Lien Street","Des Moines","Iowa","US","50981","41.6","-93.65"
"Mr","Querida","Bisley","female","11-29","1962-11-29","1962","qbisleyq0@github.com","a901d5b1-97d1-13ea-ff05-bea3d66efd63","78252084502669136024861230246066079583","2e33192380002778-3e81e000000000db","73535607997465485156958911077477431846","470-431-2329","qbisleyq0@github.com","9 Crest Line Circle","Rancho Viejo","Guerrero","MX","39965","19.5615596","-99.3090985"
"Mr","Sutherland","Aphale","male","05-18","2003-05-18","2003","saphale2n@netvibes.com","8c3a6fcd-a611-e95e-5020-36a75d9b425e","47847840168189188006268499608084263041","2e33192380003420-10fbe000000000dc","91333894721120622265184259119466984231","931-267-1533","saphale2n@netvibes.com","1405 Johnson Drive","San Francisco","Guanajuato","MX","36441","20.8965838","-105.4093555"
"Honorable","Romona","Kalb","female","04-15","2002-04-15","2002","rkalbrk@theglobeandmail.com","409d2259-444c-f2aa-633f-f9988659ca38","47449779100304636393596946563181988116","2e33192380002f3c-205c2000000000dd","69028506385701500824528394239122388233","615-417-5606","rkalbrk@theglobeandmail.com","6 Hauk Circle","Nashville","Tennessee","US","37215","36.0802326","-86.8320745"
"Dr","Audre","Budleigh","female","02-10","1971-02-10","1971","abudleigh72@examiner.com","bc1916f0-a176-8293-cd36-a89b605919c0","83612302459215229507861047028060959185","2e33192380007c39-110de000000000de","4848477082400711179914815635494486858","719-126-2531","abudleigh72@examiner.com","088 Coolidge Point","Pueblo","Colorado","US","81010","38.2743989","-104.6086995"
"Mrs","Carlynn","Pauwel","female","11-8","1996-11-8","1996","cpauwelf8@wiley.com","98b6dab6-95b2-16cd-63fc-9cb4d1b97bc4","73836499498828985242710436451426190172","2e3319238000186a-2d4b6000000000df","85054562734858613335329436602545910863","686-323-2829","cpauwelf8@wiley.com","30148 Brickson Park Parkway","La Aurora","Jalisco","MX","48338","20.6589523","-105.2363025"
"Ms","Paulie","Ryburn","female","08-30","1967-08-30","1967","pryburn3v@businesswire.com","b95b80cd-86cb-f8b6-55f2-8e9f485c6d7e","78486407355091915183627695967547012046","2e33192380006b8b-268f2000000000e0","46716439976081035598210957361636790033","866-685-4752","pryburn3v@businesswire.com","65950 Blackbird Circle","Penhold","Alberta","CA","L2E","52.13342","-113.8685"
"Mrs","Zarla","McKimm","female","07-1","1969-07-1","1969","zmckimmid@altervista.org","05f036ed-1d62-d18d-0d11-a51a157f03da","83928838823835200603245351675416916252","2e331923800078ee-10a0c000000000e1","77748048962492010105779644176476715693","716-350-7737","zmckimmid@altervista.org","0151 Warbler Trail","Buffalo","New York","US","14276","42.88","-78.85"
"Honorable","Orsa","Gourley","female","06-18","1980-06-18","1980","ogourleyae@symantec.com","2a507d9d-167a-f5c3-6ba4-7e22835e7a5e","70034766892632930764779201372278667931","2e33192380003ebf-316d4000000000e2","55874594291646953635446421516947796128","110-218-6068","ogourleyae@symantec.com","1 Quincy Point","Saint-Constant","Québec","CA","J5A","45.3770527","-73.579505"
"Dr","Wilden","Kenwin","male","08-23","1971-08-23","1971","wkenwingp@reference.com","2e0346ec-9c78-8447-3016-8d7a5d2ba875","48308874177441146057598204203306273522","2e33192380002200-3ee5c000000000e3","71624160068635042961173126241758393377","190-131-0484","wkenwingp@reference.com","9 Colorado Terrace","San Isidro","Chiapas","MX","29020","16.7620996","-93.1560055"
"Ms","Maighdiln","Taberer","female","02-5","1964-02-5","1964","mtabererq4@nydailynews.com","6b9d9a41-d9cd-e893-5e24-d8f616c15372","70674936691236061356964000685388415031","2e331923800079e5-1d886000000000e4","65857686844451954578999688918491773562","304-516-2274","mtabererq4@nydailynews.com","01 Vera Street","Huntington","West Virginia","US","25775","38.42","-82.45"
"Dr","Rhoda","Gawn","female","12-3","1982-12-3","1982","rgawn8m@cdbaby.com","659784fd-6bee-c13d-f4f8-f763e211fb8a","57591214269555920621919793205806647306","2e33192380003048-1cc24000000000e5","65093730240050790914625361297551242461","336-899-9761","rgawn8m@cdbaby.com","6226 Nova Plaza","Winston Salem","North Carolina","US","27150","36.0978298","-80.2438325"
"Mrs","Hilda","Fitton","female","10-18","1990-10-18","1990","hfittonaj@examiner.com","2b73db1c-f431-313b-e24b-69a122686fbe","81318090032596843813163652059995943797","2e331923800062ba-11802000000000e6","75770245858805584588705237283265137190","378-696-9064","hfittonaj@examiner.com","81186 Almo Plaza","Infonavit","San Luis Potosi","MX","79960","19.307033","-99.1675845"
"Mr","Roarke","Gommey","male","11-15","1985-11-15","1985","rgommeya5@berkeley.edu","f2557e72-5ba1-d4ed-ddfb-cabb9072c72e","89711833390743632481321915989619029123","2e331923800057cf-208ea000000000e7","60047119274238510455917545381994974131","732-320-7484","rgommeya5@berkeley.edu","02 Schlimgen Hill","Cookshire-Eaton","Québec","CA","M4C","45.41675","-71.6325"
"Mr","Celestyn","Ikins","female","07-21","1982-07-21","1982","cikins1q@unc.edu","0dcb9ac3-5b3a-d170-76eb-92058feae737","59982191321456696414237220611468932732","2e3319238000558b-111fa000000000e8","66763559786122167742223119919402336991","646-273-3255","cikins1q@unc.edu","981 Forster Center","Flushing","New York","US","11388","40.7753311","-73.8726185"
"Honorable","Nelle","Kynd","female","04-24","1996-04-24","1996","nkyndnp@cloudflare.com","c931af72-2003-fcc9-0c7f-6f3894856abb","70385720833434308915492371421001463468","2e331923800079f7-236b0000000000e9","81781537401558217819131023953697813742","329-631-6207","nkyndnp@cloudflare.com","9 Susan Way","Powassan","Ontario","CA","E3G","46.0334","-79.34965"
"Honorable","Carlyn","Drohun","female","04-3","2002-04-3","2002","cdrohun73@issuu.com","108f23e7-7b04-950d-a39b-8122167f045f","66161358774601420716306259497037576117","2e33192380006008-283d8000000000ea","62494739318402519381275485533024895397","566-911-3750","cdrohun73@issuu.com","2 Novick Trail","Morden","Manitoba","CA","R6M","49.1980747","-98.102545"
"Honorable","Noami","Andover","female","08-30","1991-08-30","1991","nandover6n@marketwatch.com","75669ea8-8043-c094-4053-ebcbf44fbd82","58508945102635920805408888243611611336","2e33192380002060-38f1e000000000eb","706325348112790698426724890043658470","717-504-8495","nandover6n@marketwatch.com","8771 Melody Junction","Harrisburg","Pennsylvania","US","17121","40.2684396","-76.8832655"
"Rev","Mariann","Westwell","female","05-20","1983-05-20","1983","mwestwell3i@mail.ru","083157a0-d1a0-42d7-6e29-bb6359c4976a","91800444095445189030040781031754216985","2e33192380007d8c-01390000000000ec","61624570534746423286366599640539483074","632-766-4780","mwestwell3i@mail.ru","09934 Mcguire Parkway","Buenavista","Guerrero","MX","39250","19.4458447","-99.1497665"
"Dr","Madalena","Brunroth","female","08-17","1971-08-17","1971","mbrunroth3f@slideshare.net","e3a831f4-b7f6-1fa3-8856-544e59bc16e4","72715681233435908710730990316529273662","2e33192380000254-1816e000000000ed","59564102000871713611442468408098275043","802-875-5646","mbrunroth3f@slideshare.net","5 Anniversary Trail","Middleton","Nova Scotia","CA","K9V","44.95015","-65.0655"
"Dr","Eunice","McNeachtain","female","02-7","2005-02-7","2005","emcneachtaincr@blogs.com","254db2cf-c325-93ac-f353-0f90be720050","52703072237064770752137510715180468354","2e33192400007951-0f1e0000000000ee","59852325446092909805558101898805097190","714-728-7042","emcneachtaincr@blogs.com","7 Artisan Parkway","Fullerton","California","US","92835","33.9041552","-117.9307585"
"Rev","Roch","Seavers","female","03-24","2001-03-24","2001","rseaversg@vk.com","88ebd506-66b6-ad58-0351-eb64b2a70968","55732741528666122393025714377932192583","2e33192400007c6e-2b822000000000ef","59459319518189318157034919571196168596","905-385-0013","rseaversg@vk.com","656 Kropf Place","La Purisima","Guanajuato","MX","36200","19.379122","-99.1097685"
"Rev","Min","Abbess","female","02-1","1996-02-1","1996","mabbess6@scientificamerican.com","a4f9c91b-ceb3-a69e-8a8f-f640522b6b89","50202209032231888254798995065053428834","2e33192400002b18-2b9aa000000000f0","75067395054228060877533140885312287601","914-235-0131","mabbess6@scientificamerican.com","69 Namekagon Alley","Staten Island","New York","US","10310","40.6307451","-74.1181235"
"Mrs","Gleda","Van Son","female","01-23","1975-01-23","1975","gvansonkr@digg.com","de662ef6-29d5-6f95-015b-a40bd2bb8565","69506455410931818023321277989568922218","2e33192400001280-0fbb0000000000f1","58633824741830441477716363033937034857","614-483-3262","gvansonkr@digg.com","43395 Hoard Junction","Columbus","Ohio","US","43210","39.9990626","-83.0173386"
"Honorable","Orsa","Gourley","female","10-5","1995-10-5","1995","ogourleyae@symantec.com","fa159ccd-bb60-b16a-f60f-6977cab8cf0d","80998307672761192327120322759814002004","2e33192400007637-0a726000000000f2","78180373731539456463733267285809843081","110-218-6068","ogourleyae@symantec.com","1 Quincy Point","Saint-Constant","Québec","CA","J5A","45.3770527","-73.579509"
"Dr","Brook","Allchorne","male","07-23","1997-07-23","1997","ballchornehg@economist.com","f7b06a83-93a0-da1a-3599-8e7a580b2696","85744563433568982821334387163378960654","2e33192400002446-3fa5c000000000f3","46228723131023135274349145722202638202","801-161-1427","ballchornehg@economist.com","0 Mitchell Trail","Ogden","Utah","US","84409","41.2","-111.98"
"Dr","Farr","Webburn","male","05-1","1976-05-1","1976","fwebburnct@census.gov","1bd5371b-a651-2294-10b4-89cb8ce9649d","87906835688640679437050109630564617761","2e33192400000295-18f7e000000000f4","62419833833270890086466900190723487828","444-473-8153","fwebburnct@census.gov","9 Prairieview Crossing","Emiliano Zapata","Veracruz Llave","MX","91560","18.8478608","-99.1843676"
"Ms","Gustavus","Widdowfield","male","06-8","1965-06-8","1965","gwiddowfieldm0@un.org","aea2f3ab-9420-cc4b-f778-4895524d53f4","69013897613321880785221438368571505125","2e33192400006d49-2960a000000000f5","62770191083596595123921773376118409739","301-393-6569","gwiddowfieldm0@un.org","012 Montana Street","Hyattsville","Maryland","US","20784","38.9477341","-76.8807437"
"Mr","Georgena","O'Gaven","female","03-7","1964-03-7","1964","gogaven7j@github.com","655f891d-d045-f604-2166-56c99a21fc86","47528304965654107685477005594538427853","2e33192400001b12-2b6a4000000000f6","71801880651348112901006783830005300564","459-584-8975","gogaven7j@github.com","99103 Schurz Junction","Killarney","Manitoba","CA","V9B","49.18332","-99.66364"
"Honorable","Zarla","Lichtfoth","female","10-29","1985-10-29","1985","zlichtfoth4o@mapquest.com","971cd538-0f7d-809f-ea44-b950f4e95c39","73733882256928224225842480025482186220","2e33192400001b1e-250a8000000000f7","66096336497736141925595991558504626873","402-337-0713","zlichtfoth4o@mapquest.com","600 Kennedy Avenue","Lincoln","Nebraska","US","68505","40.8247318","-96.6157192"
"Dr","Wainwright","Naisbit","male","01-31","1969-01-31","1969","wnaisbitku@tuttocitta.it","a0c2e295-08f1-3e81-7155-d1be3eb824d2","46663589222787159688459122548120503592","2e33192400001a94-1f11a000000000f8","53025404494207912535431380065058836101","674-456-3998","wnaisbitku@tuttocitta.it","0 Merchant Place","Guanajuato","Guanajuato","MX","36780","20.5593774","-101.2049226"
"Dr","Tisha","Allone","female","05-14","2002-05-14","2002","talloneqd@bloglines.com","df3a0b08-8f5c-53e7-c8bb-010b5c73752c","76547355907510676598144071444900692442","2e3319240000635f-2b1e0000000000f9","48610117060659722544018526280609740650","303-331-4607","talloneqd@bloglines.com","6965 Eastwood Point","Denver","Colorado","US","80279","39.7446895","-104.9933772"
"Mr","Arden","Licciardiello","female","03-19","1993-03-19","1993","alicciardielloc2@vimeo.com","336f7012-26f7-eab0-63b9-cb27e94ef5ed","57265603886011845455973457410699118786","2e33192400007bb2-1560c000000000fa","72385640843084722752690668178547653892","360-697-6579","alicciardielloc2@vimeo.com","1 Vernon Road","Vancouver","Washington","US","98682","45.6585294","-122.4979879"
"Mr","Andrew","Checchetelli","male","12-4","2003-12-4","2003","achecchetellic0@google.co.jp","a87e2101-cd2a-c326-0739-b81a3989bf10","82299059695869451659108533957760994219","2e331924000016d8-3e69c000000000fb","76273179598172011088593939358403412205","629-979-7442","achecchetellic0@google.co.jp","191 Brentwood Drive","Bridgewater","Nova Scotia","CA","B4V","44.3710708","-64.5210039"
"Mr","Dahlia","Satterthwaite","female","01-5","1967-01-5","1967","dsatterthwaite6k@cafepress.com","f15d8730-b558-4b58-4931-1e1bc7767582","66396712886245112740535002644278393159","2e33192400004aab-021b4000000000fc","73671478527088950652982251210160386105","505-212-1531","dsatterthwaite6k@cafepress.com","8849 Melody Plaza","Las Cruces","New Mexico","US","88006","32.31","-106.78"
"Dr","Milena","Dencs","female","12-1","2003-12-1","2003","mdencsic@sbwire.com","2978f2af-ab0e-d84a-981a-122fc8f48f49","55905389195775726754140164700436545525","2e331924000011be-38678000000000fd","90154238806310097661039000229168398249","362-418-6058","mdencsic@sbwire.com","9 Algoma Road","Forestville","Québec","CA","G2B","48.73808","-69.08478"
"Honorable","Willi","Thistleton","female","12-28","1986-12-28","1986","wthistletonff@ibm.com","a6210e08-6bc0-a79c-80c8-231e8053e5c8","50002109643269010583346402340390519073","2e33192400007f18-1db44000000000fe","81429304660305275817125292277609875602","626-577-5155","wthistletonff@ibm.com","0829 Del Sol Court","Pasadena","California","US","91131","34.143068","-118.1412651"
"Mr","Ernesta","McKevitt","female","11-3","1960-11-3","1960","emckevittpf@house.gov","38dec418-9c12-d00a-868c-c0fc01356b54","63481861158230897216441617652474820606","2e3319240000334b-14de8000000000ff","60516850607797834725149195243850152825","941-937-5269","emckevittpf@house.gov","5 Service Trail","La Joya","Guanajuato","MX","37600","19.27898","-99.1653351"
"Honorable","Lyndy","Erat","female","05-21","1965-05-21","1965","leratis@discuz.net","1165d4db-0bec-f0ca-1750-90bb32f1fd18","81797135806238285382443119934355228101","2e331924000049e4-3afa000000000100","84462003460986372094524112468505544543","914-204-2165","leratis@discuz.net","73 Dakota Pass","Staten Island","New York","US","10310","40.6307451","-74.1181234"
"Rev","Maurine","Letessier","female","03-9","2002-03-9","2002","mletessierh5@nationalgeographic.com","7337ed31-f3d2-777f-89ba-0544a1951398","78760357050648424574401405477327357381","2e3319240000721f-01a3e00000000101","49919150763719304198787691687394327725","281-895-9392","mletessierh5@nationalgeographic.com","0 Upham Alley","Amarillo","Texas","US","79176","32.9578909","-102.8518139"
"Ms","Kacie","Flaunier","female","10-13","2003-10-13","2003","kflaunier9y@t-online.de","b4cf1910-0360-e701-0b6d-40bcbf1ea8a5","91395104698385919761670878337052687955","2e33192400004660-1b41600000000102","87067095236922037887387075784594600046","703-475-0584","kflaunier9y@t-online.de","57677 Shopko Point","Alexandria","Virginia","US","22301","38.8189466","-77.0593246"
